Postcode area;Postcode districts;Post town;Former postal county
AB;AB10,AB11,AB12,AB15,AB16,AB21,AB22,AB23,AB24,AB25,AB99;aberdeen;aberdeenshire
AB;AB13;milltimber;aberdeenshire
AB;AB14;peterculter;aberdeenshire
AB;AB30;laurencekirk;kincardineshire
AB;AB31;banchory;kincardineshire
AB;AB32;westhill;aberdeenshire
AB;AB33;alford;aberdeenshire
AB;AB34;aboyne;aberdeenshire
AB;AB35;ballater;aberdeenshire
AB;AB36;strathdon;aberdeenshire
AB;AB37;ballindalloch;banffshire
AB;AB38;aberlour;banffshire
AB;AB39;stonehaven;kincardineshire
AB;AB41;ellon;aberdeenshire
AB;AB42;peterhead;aberdeenshire
AB;AB43;fraserburgh;aberdeenshire
AB;AB44;macduff;banffshire
AB;AB45;banff;banffshire
AB;AB51;inverurie;aberdeenshire
AB;AB52;insch;aberdeenshire
AB;AB53;turriff;aberdeenshire
AB;AB54;huntly;aberdeenshire
AB;AB55;keith;banffshire
AB;AB56;buckie;banffshire
AL;AL1,AL2,AL3,AL4;st. albans;hertfordshire
AL;AL5;harpenden;hertfordshire
AL;AL6,AL7;welwyn;hertfordshire
AL;AL7,AL8;welwyn garden city;hertfordshire
AL;AL9,AL10;hatfield;hertfordshire
B;B1,B2,B3,B4,B5,B6,B7,B8,B9,B10,B11,B12,B13,B14,B15,B16,B17,B18,B19,B20,B21,B23,B24,B25,B26,B27,B28,B29,B30,B31,B32,B33,B34,B35,B36,B37,B38,B40,B42,B43,B44,B45,B46,B47,B48,B99;birmingham;west midlands
B;B49,B50;alcester;warwickshire
B;B60,B61;bromsgrove;worcestershire
B;B62,B63;halesowen;west midlands
B;B64;cradley heath;west midlands
B;B65;rowley regis;west midlands
B;B66,B67;smethwick;west midlands
B;B68,B69;oldbury;west midlands
B;B70,B71;west bromwich;west midlands
B;B72,B73,B74,B75,B76;sutton coldfield;west midlands
B;B77,B78,B79;tamworth;staffordshire
B;B80;studley;warwickshire
B;B90,B91,B92,B93,B94;solihull;west midlands
B;B95;henley-in-arden;warwickshire
B;B96,B97,B98;redditch;worcestershire
BA;BA1,BA2;bath;avon
BA;BA3;radstock;avon
BA;BA4;shepton mallet;somerset
BA;BA5;wells;somerset
BA;BA6;glastonbury;somerset
BA;BA7;castle cary;somerset
BA;BA8;templecombe;somerset
BA;BA9;wincanton;somerset
BA;BA9,BA10;bruton;somerset
BA;BA11;frome;somerset
BA;BA12;warminster;wiltshire
BA;BA13;westbury;wiltshire
BA;BA14;trowbridge;wiltshire
BA;BA15;bradford-on-avon;wiltshire
BA;BA16;street;somerset
BA;BA20,BA21,BA22;yeovil;somerset
BB;BB1,BB2,BB6;blackburn;lancashire
BB;BB3;darwen;lancashire
BB;BB4;rossendale;lancashire
BB;BB5;accrington;lancashire
BB;BB7;clitheroe;lancashire
BB;BB8;colne;lancashire
BB;BB9;nelson;lancashire
BB;BB10,BB11,BB12;burnley;lancashire
BB;BB18,BB94;barnoldswick;lancashire
BD;BD1,BD2,BD3,BD4,BD5,BD6,BD7,BD8,BD9,BD10,BD11,BD12,BD13,BD14,BD15,BD98, BD99;bradford;west yorkshire
BD;BD16,BD97;bingley;west yorkshire
BD;BD17,BD18,BD98 ;shipley;west yorkshire
BD;BD19;cleckheaton;west yorkshire
BD;BD20,BD21,BD22;keighley;west yorkshire
BD;BD23,BD24;skipton;north yorkshire
BD;BD24;settle;north yorkshire
BF;BF1;bfpo;graphic
BH;BH1,BH2,BH3,BH4,BH5,BH6,BH7,BH8,BH9,BH10,BH11;bournemouth;dorset
BH;BH12,BH13,BH14,BH15,BH16,BH17;poole;dorset
BH;BH18;broadstone;dorset
BH;BH19;swanage;dorset
BH;BH20;wareham;dorset
BH;BH21;wimborne;dorset
BH;BH22;ferndown;dorset
BH;BH23;christchurch;dorset
BH;BH24;ringwood;hampshire
BH;BH25;new milton;hampshire
BH;BH31;verwood;dorset
BL;BL0,BL8,BL9;bury;lancashire
BL;BL1,BL2,BL3,BL4,BL5,BL6,BL7,BL11,BL78;bolton;lancashire
BN;BN1,BN2,BN41,BN42,BN45,BN50,BN51,BN88;brighton;east sussex
BN;BN3,BN52;hove;east sussex
BN;BN5;henfield;west sussex
BN;BN6;hassocks;west sussex
BN;BN7,BN8;lewes;east sussex
BN;BN9;newhaven;east sussex
BN;BN10;peacehaven;east sussex
BN;BN11,BN12,BN13,BN14,BN91,BN99 ;worthing;west sussex
BN;BN15,BN99 ;lancing;west sussex
BN;BN16,BN17;littlehampton;west sussex
BN;BN18;arundel;west sussex
BN;BN20,BN21,BN22,BN23;eastbourne;east sussex
BN;BN24;pevensey;east sussex
BN;BN25;seaford;east sussex
BN;BN26;polegate;east sussex
BN;BN27;hailsham;east sussex
BN;BN43;shoreham-by-sea;west sussex
BN;BN44;steyning;west sussex
BR;BR1,BR2;bromley;kent
BR;BR2;keston;kent
BR;BR3;beckenham;kent
BR;BR4;west wickham;kent
BR;BR5,BR6;orpington;kent
BR;BR7;chislehurst;kent
BR;BR8;swanley;kent
BS;BS0,BS1,BS2,BS3,BS4,BS5,BS6,BS7,BS8,BS9,BS10,BS11,BS13,BS14,BS15,BS16,BS20,BS30,BS31,BS32,BS34,BS35,BS36,BS37,BS39,BS40,BS41,BS48,BS49,BS80,BS98,BS99;bristol;avon
BS;BS21;clevedon;avon
BS;BS22,BS23,BS24;weston-super-mare;avon
BS;BS25;winscombe;avon
BS;BS26;axbridge;somerset
BS;BS27;cheddar;somerset
BS;BS28;wedmore;somerset
BS;BS29;banwell;avon
BT;BT1,BT2,BT3,BT4,BT5,BT6,BT7,BT8,BT9,BT10,BT11,BT12,BT13,BT14,BT15,BT16,BT17,BT29;belfast;county antrim
BT;BT18;holywood;county down
BT;BT19,BT20;bangor;county down
BT;BT21;donaghadee;county down
BT;BT22,BT23;newtownards;county down
BT;BT24;ballynahinch;county down
BT;BT25;dromore;county down
BT;BT26;hillsborough;county down
BT;BT27,BT28;lisburn;county antrim
BT;BT29;crumlin;county antrim
BT;BT30;downpatrick;county down
BT;BT31;castlewellan;county down
BT;BT32;banbridge;county down
BT;BT33;newcastle;county down
BT;BT34;newry;county down
BT;BT35;newry;county armagh
BT;BT36,BT37,BT58;newtownabbey;county antrim
BT;BT38;carrickfergus;county antrim
BT;BT39;ballyclare;county antrim
BT;BT40;larne;county antrim
BT;BT41;antrim;county antrim
BT;BT42,BT43,BT44;ballymena;county antrim
BT;BT45;magherafelt;county londonderry
BT;BT46;maghera;county londonderry
BT;BT47,BT48;londonderry;county londonderry
BT;BT49;limavady;county londonderry
BT;BT51,BT52;coleraine;county londonderry
BT;BT53;ballymoney;county antrim
BT;BT54;ballycastle;county antrim
BT;BT55;portstewart;county londonderry
BT;BT56;portrush;county antrim
BT;BT57;bushmills;county antrim
BT;BT60,BT61;armagh;county armagh
BT;BT62,BT63,BT64,BT65,BT66,BT67;craigavon;county armagh
BT;BT68;caledon;county tyrone
BT;BT69;aughnacloy;county tyrone
BT;BT70,BT71;dungannon;county tyrone
BT;BT74,BT92,BT93,BT94;enniskillen;county fermanagh
BT;BT75;fivemiletown;county tyrone
BT;BT76;clogher;county tyrone
BT;BT77;augher;county tyrone
BT;BT78,BT79;omagh;county tyrone
BT;BT80;cookstown;county tyrone
BT;BT81;castlederg;county tyrone
BT;BT82;strabane;county tyrone
CA;CA1,CA2,CA3,CA4,CA5,CA6,CA99;carlisle;cumbria
CA;CA7;wigton;cumbria
CA;CA8;brampton;cumbria
CA;CA9;alston;cumbria
CA;CA10,CA11;penrith;cumbria
CA;CA12;keswick;cumbria
CA;CA13;cockermouth;cumbria
CA;CA14,CA95;workington;cumbria
CA;CA15;maryport;cumbria
CA;CA16;appleby-in-westmorland;cumbria
CA;CA17;kirkby stephen;cumbria
CA;CA18;ravenglass;cumbria
CA;CA19;holmrook;cumbria
CA;CA20;seascale;cumbria
CA;CA21;beckermet;cumbria
CA;CA22;egremont;cumbria
CA;CA23;cleator;cumbria
CA;CA24;moor row;cumbria
CA;CA25;cleator moor;cumbria
CA;CA26;frizington;cumbria
CA;CA27;st. bees;cumbria
CA;CA28;whitehaven;cumbria
CB;CB1,CB2,CB3,CB4,CB5,CB21,CB22,CB23,CB24,CB25;cambridge;cambridgeshire
CB;CB6,CB7;ely;cambridgeshire
CB;CB8;newmarket;suffolk
CB;CB9;haverhill;suffolk
CB;CB10,CB11;saffron walden;essex
CF;CF3,CF5,CF10,CF11,CF14,CF15,CF23,CF24,CF30,CF91,CF95,CF99;cardiff;south glamorgan
CF;CF31,CF32,CF33,CF35;bridgend;mid glamorgan
CF;CF34;maesteg;mid glamorgan
CF;CF36;porthcawl;mid glamorgan
CF;CF37,CF38;pontypridd;mid glamorgan
CF;CF39;porth;mid glamorgan
CF;CF40;tonypandy;mid glamorgan
CF;CF41;pentre;mid glamorgan
CF;CF42;treorchy;mid glamorgan
CF;CF43;ferndale;mid glamorgan
CF;CF44;aberdare;mid glamorgan
CF;CF45;mountain ash;mid glamorgan
CF;CF46;treharris;mid glamorgan
CF;CF47,CF48;merthyr tydfil;mid glamorgan
CF;CF61,CF71;llantwit major;south glamorgan
CF;CF62,CF63;barry;south glamorgan
CF;CF64;dinas powys;south glamorgan
CF;CF64;penarth;south glamorgan
CF;CF71;cowbridge;south glamorgan
CF;CF72;pontyclun;mid glamorgan
CF;CF81;bargoed;mid glamorgan
CF;CF82;hengoed;mid glamorgan
CF;CF83;caerphilly;mid glamorgan
CH;CH1,CH2,CH3,CH4,CH70,CH88,CH99;chester;cheshire
CH;CH5;deeside;clwyd
CH;CH6;bagillt;clwyd
CH;CH6;flint;clwyd
CH;CH7;buckley;clwyd
CH;CH7;mold;clwyd
CH;CH8;holywell;clwyd
CH;CH25,CH41,CH42;birkenhead;merseyside
CH;CH26,CH43;prenton;merseyside
CH;CH27,CH44,CH45;wallasey;merseyside
CH;CH28,CH29,CH30,CH31,CH32,CH46,CH47,CH48,CH49,CH60,CH61,CH62,CH63;wirral;merseyside
CH;CH33,CH64;neston;merseyside
CH;CH34,CH65,CH66;ellesmere port;merseyside
CM;CM0;burnham-on-crouch;essex
CM;CM0;southminster;essex
CM;CM1,CM2,CM3,CM92,CM98,CM99;chelmsford;essex
CM;CM4;ingatestone;essex
CM;CM5;ongar;essex
CM;CM6,CM7;dunmow;essex
CM;CM7,CM77;braintree;essex
CM;CM8;witham;essex
CM;CM9;maldon;essex
CM;CM11,CM12;billericay;essex
CM;CM13,CM14,CM15;brentwood;essex
CM;CM16;epping;essex
CM;CM17,CM18,CM19,CM20;harlow;essex
CM;CM21;sawbridgeworth;hertfordshire
CM;CM22,CM23;bishop's stortford;hertfordshire
CM;CM24;stansted;essex
CO;CO1,CO2,CO3,CO4,CO5,CO6,CO7;colchester;essex
CO;CO8;bures;suffolk
CO;CO9;halstead;essex
CO;CO10;sudbury;suffolk
CO;CO11;manningtree;essex
CO;CO12;harwich;essex
CO;CO13;frinton-on-sea;essex
CO;CO14;walton-on-the-naze;essex
CO;CO15,CO16;clacton-on-sea;essex
CR;CR0,CR9,CR44,CR90;croydon;surrey
CR;CR2;south croydon;surrey
CR;CR3;caterham;surrey
CR;CR3;whyteleafe;surrey
CR;CR4;mitcham;surrey
CR;CR5;coulsdon;surrey
CR;CR6;warlingham;surrey
CR;CR7;thornton heath;surrey
CR;CR8;kenley;surrey
CR;CR8;purley;surrey
CT;CT1,CT2,CT3,CT4;canterbury;kent
CT;CT5;whitstable;kent
CT;CT6;herne bay;kent
CT;CT7,CT9;birchington;kent
CT;CT8;westgate-on-sea;kent
CT;CT9;margate;kent
CT;CT10;broadstairs;kent
CT;CT11,CT12;ramsgate;kent
CT;CT13;sandwich;kent
CT;CT14;deal;kent
CT;CT15,CT16,CT17;dover;kent
CT;CT18,CT19,CT20,CT50;folkestone;kent
CT;CT21;hythe;kent
CV;CV1,CV2,CV3,CV4,CV5,CV6,CV7,CV8;coventry;west midlands
CV;CV8;kenilworth;warwickshire
CV;CV9;atherstone;warwickshire
CV;CV10,CV11,CV13;nuneaton;warwickshire
CV;CV12;bedworth;warwickshire
CV;CV21,CV22,CV23;rugby;warwickshire
CV;CV31,CV32,CV33;leamington spa;warwickshire
CV;CV34,CV35;warwick;warwickshire
CV;CV36,CV37;shipston-on-stour;warwickshire
CV;CV37;stratford-upon-avon;warwickshire
CV;CV47;southam;warwickshire
CW;CW1,CW2,CW3,CW4,CW98;crewe;cheshire
CW;CW5;nantwich;cheshire
CW;CW6;tarporley;cheshire
CW;CW7;winsford;cheshire
CW;CW8,CW9;northwich;cheshire
CW;CW10;middlewich;cheshire
CW;CW11;sandbach;cheshire
CW;CW12;congleton;cheshire
DA;DA1,DA2,DA4,DA10;dartford;kent
DA;DA3;longfield;kent
DA;DA5;bexley;kent
DA;DA6,DA7;bexleyheath;kent
DA;DA7,DA16;welling;kent
DA;DA8,DA18;erith;kent
DA;DA9;greenhithe;kent
DA;DA10;swanscombe;kent
DA;DA11,DA12,DA13;gravesend;kent
DA;DA14,DA15;sidcup;kent
DA;DA17;belvedere;kent
DD;DD1,DD2,DD3,DD4,DD5;dundee;angus
DD;DD6;newport-on-tay;fife
DD;DD6;tayport;fife
DD;DD7;carnoustie;angus
DD;DD8;forfar;angus
DD;DD8;kirriemuir;angus
DD;DD9;brechin;angus
DD;DD10;montrose;angus
DD;DD11;arbroath;angus
DE;DE1,DE3,DE21,DE22,DE23,DE24,DE65,DE72,DE73,DE74,DE99;derby;derbyshire
DE;DE4;matlock;derbyshire
DE;DE5;ripley;derbyshire
DE;DE6;ashbourne;derbyshire
DE;DE7;ilkeston;derbyshire
DE;DE11,DE12;swadlincote;derbyshire
DE;DE13,DE14,DE15;burton-on-trent;staffordshire
DE;DE45;bakewell;derbyshire
DE;DE55;alfreton;derbyshire
DE;DE56;belper;derbyshire
DE;DE75;heanor;derbyshire
DG;DG1,DG2;dumfries;dumfriesshire
DG;DG3;thornhill;dumfriesshire
DG;DG4;sanquhar;dumfriesshire
DG;DG5;dalbeattie;kirkcudbrightshire
DG;DG6;kirkcudbright;kirkcudbrightshire
DG;DG7;castle douglas;kirkcudbrightshire
DG;DG8;newton stewart;wigtownshire
DG;DG9;stranraer;wigtownshire
DG;DG10;moffat;dumfriesshire
DG;DG11;lockerbie;dumfriesshire
DG;DG12;annan;dumfriesshire
DG;DG13;langholm;dumfriesshire
DG;DG14;canonbie;dumfriesshire
DG;DG16;gretna;dumfriesshire
DH;DH1,DH6,DH7,DH8,DH97,DH98,DH99;durham;county durham
DH;DH2,DH3;chester le street;county durham
DH;DH4,DH5;houghton le spring;tyne and wear
DH;DH8;consett;county durham
DH;DH8,DH9;stanley;county durham
DL;DL1,DL2,DL3,DL98;darlington;county durham
DL;DL4;shildon;county durham
DL;DL5;newton aycliffe;county durham
DL;DL6,DL7;northallerton;north yorkshire
DL;DL8;bedale;north yorkshire
DL;DL8;hawes;north yorkshire
DL;DL8;leyburn;north yorkshire
DL;DL9;catterick garrison;north yorkshire
DL;DL10,DL11;richmond;north yorkshire
DL;DL12;barnard castle;county durham
DL;DL13,DL14;bishop auckland;county durham
DL;DL15;crook;county durham
DL;DL16;spennymoor;county durham
DL;DL16,DL17;ferryhill;county durham
DN;DN1,DN2,DN3,DN4,DN5,DN6,DN7,DN8,DN9,DN10,DN11,DN12,DN55;doncaster;south yorkshire
DN;DN14;goole;north humberside
DN;DN15,DN16,DN17;scunthorpe;south humberside
DN;DN18;barton-upon-humber;south humberside
DN;DN19;barrow-upon-humber;south humberside
DN;DN20;brigg;south humberside
DN;DN21;gainsborough;lincolnshire
DN;DN22;retford;nottinghamshire
DN;DN31,DN32,DN33,DN34,DN36,DN37,DN41;grimsby;south humberside
DN;DN35;cleethorpes;south humberside
DN;DN38;barnetby;south humberside
DN;DN39;ulceby;south humberside
DN;DN40;immingham;south humberside
DT;DT1,DT2;dorchester;dorset
DT;DT3,DT4;weymouth;dorset
DT;DT5;portland;dorset
DT;DT6;bridport;dorset
DT;DT7;lyme regis;dorset
DT;DT8;beaminster;dorset
DT;DT9;sherborne;dorset
DT;DT10;sturminster newton;dorset
DT;DT11;blandford forum;dorset
DY;DY1,DY2,DY3;dudley;west midlands
DY;DY4;tipton;west midlands
DY;DY5;brierley hill;west midlands
DY;DY6;kingswinford;west midlands
DY;DY7,DY8,DY9;stourbridge;west midlands
DY;DY10,DY11,DY14;kidderminster;worcestershire
DY;DY12;bewdley;worcestershire
DY;DY13;stourport-on-severn;worcestershire
E;E1,E1W,E2,E3,E4,E5,E6,E7,E8,E9,E10,E11,E12,E13,E14,E15,E16,E17,E18,E20,E77,E98;london;london
EC;EC1A,EC1M,EC1N,EC1P,EC1R,EC1V,EC1Y,EC2A,EC2M,EC2N,EC2P,EC2R,EC2V,EC2Y,EC3A,EC3M,EC3N,EC3P,EC3R,EC3V,EC4A,EC4M,EC4N,EC4P,EC4R,EC4V,EC4Y,EC50;london;london
EH;EH1,EH2,EH3,EH4,EH5,EH6,EH7,EH8,EH9,EH10,EH11,EH12,EH13,EH14,EH15,EH16,EH17,EH91,EH95,EH99;edinburgh;midlothian
EH;EH14;balerno;midlothian
EH;EH14;currie;midlothian
EH;EH14;juniper green;midlothian
EH;EH18;lasswade;midlothian
EH;EH19;bonnyrigg;midlothian
EH;EH20;loanhead;midlothian
EH;EH21;musselburgh;midlothian
EH;EH22;dalkeith;midlothian
EH;EH23;gorebridge;midlothian
EH;EH24;rosewell;midlothian
EH;EH25;roslin;midlothian
EH;EH26;penicuik;midlothian
EH;EH27;kirknewton;midlothian
EH;EH28;newbridge;midlothian
EH;EH29;kirkliston;west lothian
EH;EH30;south queensferry;west lothian
EH;EH31;gullane;east lothian
EH;EH32;longniddry;east lothian
EH;EH32;prestonpans;east lothian
EH;EH33,EH34,EH35;tranent;east lothian
EH;EH36;humbie;east lothian
EH;EH37;pathhead;midlothian
EH;EH38;heriot;midlothian
EH;EH39;north berwick;east lothian
EH;EH40;east linton;east lothian
EH;EH41;haddington;east lothian
EH;EH42;dunbar;east lothian
EH;EH43;walkerburn;peeblesshire
EH;EH44;innerleithen;peeblesshire
EH;EH45;peebles;peeblesshire
EH;EH46;west linton;peeblesshire
EH;EH47,EH48;bathgate;west lothian
EH;EH49;linlithgow;west lothian
EH;EH51;bo'ness;west lothian
EH;EH52;broxburn;west lothian
EH;EH53,EH54;livingston;west lothian
EH;EH55;west calder;west lothian
EN;EN1,EN2,EN3;enfield;middlesex
EN;EN4,EN5;barnet;hertfordshire
EN;EN6;potters bar;hertfordshire
EN;EN7,EN8,EN77;waltham cross;hertfordshire
EN;EN9;waltham abbey;essex
EN;EN10,EN11;broxbourne;hertfordshire
EN;EN11;hoddesdon;hertfordshire
EX;EX1,EX2,EX3,EX4,EX5,EX6;exeter;devon
EX;EX7;dawlish;devon
EX;EX8;exmouth;devon
EX;EX9;budleigh salterton;devon
EX;EX10;sidmouth;devon
EX;EX11;ottery st. mary;devon
EX;EX12;seaton;devon
EX;EX13;axminster;devon
EX;EX14;honiton;devon
EX;EX15;cullompton;devon
EX;EX16;tiverton;devon
EX;EX17;crediton;devon
EX;EX18;chulmleigh;devon
EX;EX19;winkleigh;devon
EX;EX20;north tawton;devon
EX;EX20;okehampton;devon
EX;EX21;beaworthy;devon
EX;EX22;holsworthy;devon
EX;EX23;bude;cornwall
EX;EX24;colyton;devon
EX;EX31,EX32;barnstaple;devon
EX;EX33;braunton;devon
EX;EX34;ilfracombe;devon
EX;EX34;woolacombe;devon
EX;EX35;lynmouth;devon
EX;EX35;lynton;devon
EX;EX36;south molton;devon
EX;EX37;umberleigh;devon
EX;EX38;torrington;devon
EX;EX39;bideford;devon
FK;FK1,FK2;falkirk;stirlingshire
FK;FK3;grangemouth;stirlingshire
FK;FK4;bonnybridge;stirlingshire
FK;FK5;larbert;stirlingshire
FK;FK6;denny;stirlingshire
FK;FK7,FK8,FK9;stirling;stirlingshire
FK;FK10;alloa;clackmannanshire
FK;FK10;clackmannan;clackmannanshire
FK;FK11;menstrie;clackmannanshire
FK;FK12;alva;clackmannanshire
FK;FK13;tillicoultry;clackmannanshire
FK;FK14;dollar;clackmannanshire
FK;FK15;dunblane;perthshire
FK;FK16;doune;perthshire
FK;FK17,FK18;callander;perthshire
FK;FK19;lochearnhead;perthshire
FK;FK20;crianlarich;perthshire
FK;FK21;killin;perthshire
FY;FY0,FY1,FY2,FY3,FY4;blackpool;lancashire
FY;FY5;thornton-cleveleys;lancashire
FY;FY6;poulton-le-fylde;lancashire
FY;FY7;fleetwood;lancashire
FY;FY8;lytham st. annes;lancashire
G;G1,G2,G3,G4,G5,G9,G11,G12,G13,G14,G15,G20,G21,G22,G23,G31,G32,G33,G34,G40,G41,G42,G43,G44,G45,G46,G51,G52,G53,G58,G60,G61,G62,G63,G64,G65,G66,G67,G68,G69,G70,G71,G72,G73,G74,G75,G76,G77,G78,G79,G90;glasgow;lanarkshire
G;G81;clydebank;dunbartonshire
G;G82;dumbarton;dunbartonshire
G;G83;alexandria;dunbartonshire
G;G83;arrochar;dunbartonshire
G;G84;helensburgh;dunbartonshire
GL;GL1,GL2,GL3,GL4,GL19;gloucester;gloucestershire
GL;GL5,GL6;stroud;gloucestershire
GL;GL7;cirencester;gloucestershire
GL;GL7;fairford;gloucestershire
GL;GL7;lechlade;gloucestershire
GL;GL8;tetbury;gloucestershire
GL;GL9;badminton;avon
GL;GL10;stonehouse;gloucestershire
GL;GL11;dursley;gloucestershire
GL;GL11,GL12;wotton-under-edge;gloucestershire
GL;GL13;berkeley;gloucestershire
GL;GL14;cinderford;gloucestershire
GL;GL14;newnham;gloucestershire
GL;GL14;westbury-on-severn;gloucestershire
GL;GL15;blakeney;gloucestershire
GL;GL15;lydney;gloucestershire
GL;GL16;coleford;gloucestershire
GL;GL17;drybrook;gloucestershire
GL;GL17;longhope;gloucestershire
GL;GL17;lydbrook;gloucestershire
GL;GL17;mitcheldean;gloucestershire
GL;GL17;ruardean;gloucestershire
GL;GL18;dymock;gloucestershire
GL;GL18;newent;gloucestershire
GL;GL20;tewkesbury;gloucestershire
GL;GL50,GL51,GL52,GL53,GL54;cheltenham;gloucestershire
GL;GL55;chipping campden;gloucestershire
GL;GL56;moreton-in-marsh;gloucestershire
GU;GU1,GU2,GU3,GU4,GU5;guildford;surrey
GU;GU6;cranleigh;surrey
GU;GU7,GU8;godalming;surrey
GU;GU9,GU10;farnham;surrey
GU;GU11,GU12;aldershot;hampshire
GU;GU14,GU17;farnborough;hampshire
GU;GU15,GU16,GU17,GU95;camberley;surrey
GU;GU18;lightwater;surrey
GU;GU19;bagshot;surrey
GU;GU20;windlesham;surrey
GU;GU21,GU22,GU23,GU24;woking;surrey
GU;GU25;virginia water;surrey
GU;GU26,GU27;hindhead;surrey
GU;GU27;haslemere;surrey
GU;GU28;petworth;west sussex
GU;GU29;midhurst;west sussex
GU;GU30;liphook;hampshire
GU;GU31,GU32;petersfield;hampshire
GU;GU33;liss;hampshire
GU;GU34;alton;hampshire
GU;GU35;bordon;hampshire
GU;GU46;yateley;hampshire
GU;GU47;sandhurst;berkshire
GU;GU51,GU52;fleet;hampshire
GY;GY1,GY2,GY3,GY4,GY5,GY6,GY7,GY8,GY9,GY10;guernsey;channel islesnot
HA;HA0,HA9;wembley;middlesex
HA;HA1,HA2,HA3;harrow;middlesex
HA;HA4;ruislip;middlesex
HA;HA5;pinner;middlesex
HA;HA6;northwood;middlesex
HA;HA7;stanmore;middlesex
HA;HA8;edgware;middlesex
HD;HD1,HD2,HD3,HD4,HD5,HD7,HD8;huddersfield;west yorkshire
HD;HD6;brighouse;west yorkshire
HD;HD9;holmfirth;west yorkshire
HG;HG1,HG2,HG3;harrogate;north yorkshire
HG;HG4;ripon;north yorkshire
HG;HG5;knaresborough;north yorkshire
HP;HP1,HP2,HP3;hemel hempstead;hertfordshire
HP;HP4;berkhamsted;hertfordshire
HP;HP5;chesham;buckinghamshire
HP;HP6,HP7;amersham;buckinghamshire
HP;HP8;chalfont st. giles;buckinghamshire
HP;HP9;beaconsfield;buckinghamshire
HP;HP10,HP11,HP12,HP13,HP14,HP15;high wycombe;buckinghamshire
HP;HP16;great missenden;buckinghamshire
HP;HP17,HP18,HP19,HP20,HP21,HP22;aylesbury;buckinghamshire
HP;HP22,HP27;princes risborough;buckinghamshire
HP;HP23;tring;hertfordshire
HR;HR1,HR2,HR3,HR4;hereford;herefordshire
HR;HR5;kington;herefordshire
HR;HR6;leominster;herefordshire
HR;HR7;bromyard;herefordshire
HR;HR8;ledbury;herefordshire
HR;HR9;ross-on-wye;herefordshire
HS;HS1;stornoway;isle of lewis
HS;HS2;isle of lewis;isle of lewis
HS;HS3,HS5;isle of harris;isle of harris
HS;HS4;isle of scalpay;isle of scalpay
HS;HS6;isle of north uist;isle of north uist
HS;HS7;isle of benbecula;isle of benbecula
HS;HS8;isle of south uist;inverness-shire
HS;HS9;isle of barra;isle of barra
HU;HU1,HU2,HU3,HU4,HU5,HU6,HU7,HU8,HU9,HU10,HU11,HU12;hull;north humberside
HU;HU13;hessle;north humberside
HU;HU14;north ferriby;north humberside
HU;HU15;brough;north humberside
HU;HU16,HU20;cottingham;north humberside
HU;HU17;beverley;north humberside
HU;HU18;hornsea;north humberside
HU;HU19;withernsea;north humberside
HX;HX1,HX2,HX3,HX4;halifax;west yorkshire
HX;HX1,HX5;elland;west yorkshire
HX;HX6;sowerby bridge;west yorkshire
HX;HX7;hebden bridge;west yorkshire
IG;IG1,IG2,IG3,IG4,IG5,IG6;ilford;essex
IG;IG7,IG8;chigwell;essex
IG;IG8;woodford green;essex
IG;IG9;buckhurst hill;essex
IG;IG10;loughton;essex
IG;IG11;barking;essex
IM;IM1,IM2,IM3,IM4,IM5,IM6,IM7,IM8,IM9,IM99;isle of man;isle of mannot
IP;IP1,IP2,IP3,IP4,IP5,IP6,IP7,IP8,IP9,IP10;ipswich;suffolk
IP;IP11;felixstowe;suffolk
IP;IP12,IP13;woodbridge;suffolk
IP;IP14;stowmarket;suffolk
IP;IP15;aldeburgh;suffolk
IP;IP16;leiston;suffolk
IP;IP17;saxmundham;suffolk
IP;IP18;southwold;suffolk
IP;IP19;halesworth;suffolk
IP;IP20;harleston;norfolk
IP;IP21,IP22,IP98;diss;norfolk
IP;IP21,IP23;eye;suffolk
IP;IP24,IP25,IP26;thetford;norfolk
IP;IP27;brandon;suffolk
IP;IP28,IP29,IP30,IP31,IP32,IP33;bury st. edmunds;suffolk
IV;IV1,IV2,IV3,IV5,IV13,IV63,IV99;inverness;inverness-shire
IV;IV4;beauly;inverness-shire
IV;IV6;muir of ord;ross-shire
IV;IV7,IV15,IV16;dingwall;ross-shire
IV;IV8;munlochy;ross-shire
IV;IV9;avoch;ross-shire
IV;IV10;fortrose;ross-shire
IV;IV11;cromarty;ross-shire
IV;IV12;nairn;nairnshire
IV;IV14;strathpeffer;ross-shire
IV;IV17;alness;ross-shire
IV;IV18;invergordon;ross-shire
IV;IV19,IV20;tain;ross-shire
IV;IV21;gairloch;ross-shire
IV;IV22;achnasheen;ross-shire
IV;IV23;garve;ross-shire
IV;IV24;ardgay;sutherland
IV;IV25;dornoch;sutherland
IV;IV26;ullapool;ross-shire
IV;IV27;lairg;sutherland
IV;IV28;rogart;sutherland
IV;IV30;elgin;morayshire
IV;IV31;lossiemouth;morayshire
IV;IV32;fochabers;morayshire
IV;IV36;forres;morayshire
IV;IV40;kyle;ross-shire
IV;IV41,IV42,IV43,IV44,IV45,IV46,IV47,IV48,IV49,IV55,IV56;isle of skye;isle of skye
IV;IV51;portree;isle of skye
IV;IV52;plockton;ross-shire
IV;IV53;strome ferry;ross-shire
IV;IV54;strathcarron;ross-shire
JE;JE1,JE2,JE3,JE4,JE5;jersey;channel islesnot
KA;KA1,KA2,KA3;kilmarnock;ayrshire
KA;KA4;galston;ayrshire
KA;KA5;mauchline;ayrshire
KA;KA6,KA7,KA8;ayr;ayrshire
KA;KA9;prestwick;ayrshire
KA;KA10;troon;ayrshire
KA;KA11,KA12;irvine;ayrshire
KA;KA13;kilwinning;ayrshire
KA;KA14,KA15;beith;ayrshire
KA;KA16;newmilns;ayrshire
KA;KA17;darvel;ayrshire
KA;KA18;cumnock;ayrshire
KA;KA19;maybole;ayrshire
KA;KA20;stevenston;ayrshire
KA;KA21;saltcoats;ayrshire
KA;KA22;ardrossan;ayrshire
KA;KA23;west kilbride;ayrshire
KA;KA24;dalry;ayrshire
KA;KA25;kilbirnie;ayrshire
KA;KA26;girvan;ayrshire
KA;KA27;isle of arran;isle of arran
KA;KA28;isle of cumbrae;isle of cumbrae
KA;KA29,KA30;largs;ayrshire
KT;KT1,KT2;kingston upon thames;surrey
KT;KT3;new malden;surrey
KT;KT4;worcester park;surrey
KT;KT5,KT6;surbiton;surrey
KT;KT7;thames ditton;surrey
KT;KT8;east molesey;surrey
KT;KT8;west molesey;surrey
KT;KT9;chessington;surrey
KT;KT10;esher;surrey
KT;KT11;cobham;surrey
KT;KT12;walton-on-thames;surrey
KT;KT13;weybridge;surrey
KT;KT14;west byfleet;surrey
KT;KT15;addlestone;surrey
KT;KT16;chertsey;surrey
KT;KT17,KT18,KT19;epsom;surrey
KT;KT20;tadworth;surrey
KT;KT21;ashtead;surrey
KT;KT22,KT23,KT24;leatherhead;surrey
KW;KW1;wick;caithness
KW;KW2,KW3;lybster;caithness
KW;KW5;latheron;caithness
KW;KW6;dunbeath;caithness
KW;KW7;berriedale;caithness
KW;KW8;helmsdale;sutherland
KW;KW9;brora;sutherland
KW;KW10;golspie;sutherland
KW;KW11;kinbrace;sutherland
KW;KW12;halkirk;caithness
KW;KW13;forsinard;sutherland
KW;KW14;thurso;caithness
KW;KW15;kirkwall;orkney
KW;KW16;stromness;orkney
KW;KW17;orkney;orkney
KY;KY1,KY2;kirkcaldy;fife
KY;KY3;burntisland;fife
KY;KY4;cowdenbeath;fife
KY;KY4;kelty;fife
KY;KY5;lochgelly;fife
KY;KY6,KY7;glenrothes;fife
KY;KY8,KY9;leven;fife
KY;KY10;anstruther;fife
KY;KY11,KY12,KY99;dunfermline;fife
KY;KY11;inverkeithing;fife
KY;KY13;kinross;kinross-shire
KY;KY14,KY15;cupar;fife
KY;KY16;st. andrews;fife
L;L1,L2,L3,L4,L5,L6,L7,L8,L9,L10,L11,L12,L13,L14,L15,L16,L17,L18,L19,L20,L21,L22,L23,L24,L25,L26,L27,L28,L29,L31,L32,L33,L36,L37,L38,L67,L68,L69, L70,L71,L72,L73,L74,L75;liverpool;merseyside
L;L20,L30,L69, L80,GIR;bootle;merseyside
L;L34,L35;prescot;merseyside
L;L39,L40;ormskirk;lancashire
LA;LA1,LA2;lancaster;lancashire
LA;LA3,LA4;morecambe;lancashire
LA;LA5,LA6;carnforth;lancashire
LA;LA7;milnthorpe;cumbria
LA;LA8,LA9;kendal;cumbria
LA;LA10;sedbergh;cumbria
LA;LA11;grange-over-sands;cumbria
LA;LA12;ulverston;cumbria
LA;LA13,LA14;barrow-in-furness;cumbria
LA;LA14,LA15;dalton-in-furness;cumbria
LA;LA16;askam-in-furness;cumbria
LA;LA17;kirkby-in-furness;cumbria
LA;LA18,LA19;millom;cumbria
LA;LA20;broughton-in-furness;cumbria
LA;LA21;coniston;cumbria
LA;LA22;ambleside;cumbria
LA;LA23;windermere;cumbria
LD;LD1;llandrindod wells;powys
LD;LD2;builth wells;powys
LD;LD3;brecon;powys
LD;LD4;llangammarch wells;powys
LD;LD5;llanwrtyd wells;powys
LD;LD6;rhayader;powys
LD;LD7;knighton;powys
LD;LD8;presteigne;powys
LE;LE1,LE2,LE3,LE4,LE5,LE6,LE7,LE8,LE9,LE19,LE21,LE41,LE55,LE87,LE94,LE95;leicester;leicestershire
LE;LE10;hinckley;leicestershire
LE;LE11,LE12;loughborough;leicestershire
LE;LE13,LE14;melton mowbray;leicestershire
LE;LE15;oakham;leicestershire
LE;LE16;market harborough;leicestershire
LE;LE17;lutterworth;leicestershire
LE;LE18;wigston;leicestershire
LE;LE65;ashby-de-la-zouch;leicestershire
LE;LE67;coalville;leicestershire
LE;LE67;ibstock;leicestershire
LE;LE67;markfield;leicestershire
LL;LL11,LL12,LL13,LL14;wrexham;clwyd
LL;LL15;ruthin;clwyd
LL;LL16;denbigh;clwyd
LL;LL17,LL18;st. asaph;clwyd
LL;LL18;rhyl;clwyd
LL;LL19;prestatyn;clwyd
LL;LL20;llangollen;clwyd
LL;LL21;corwen;clwyd
LL;LL22;abergele;clwyd
LL;LL23;bala;gwynedd
LL;LL24;betws-y-coed;gwynedd
LL;LL25;dolwyddelan;gwynedd
LL;LL26;llanrwst;gwynedd
LL;LL27;trefriw;gwynedd
LL;LL28,LL29;colwyn bay;clwyd
LL;LL30;llandudno;gwynedd
LL;LL31,LL32;conwy;gwynedd
LL;LL31;llandudno junction;gwynedd
LL;LL33;llanfairfechan;gwynedd
LL;LL34;penmaenmawr;gwynedd
LL;LL35;aberdyfi;gwynedd
LL;LL36;tywyn;gwynedd
LL;LL37;llwyngwril;gwynedd
LL;LL38;fairbourne;gwynedd
LL;LL39;arthog;gwynedd
LL;LL40;dolgellau;gwynedd
LL;LL41;blaenau ffestiniog;gwynedd
LL;LL42;barmouth;gwynedd
LL;LL43;talybont;gwynedd
LL;LL44;dyffryn ardudwy;gwynedd
LL;LL45;llanbedr;gwynedd
LL;LL46;harlech;gwynedd
LL;LL47;talsarnau;gwynedd
LL;LL48;penrhyndeudraeth;gwynedd
LL;LL49;porthmadog;gwynedd
LL;LL51;garndolbenmaen;gwynedd
LL;LL52;criccieth;gwynedd
LL;LL53;pwllheli;gwynedd
LL;LL54,LL55;caernarfon;gwynedd
LL;LL56;y felinheli;gwynedd
LL;LL57;bangor;gwynedd
LL;LL58;beaumaris;gwynedd
LL;LL59;menai bridge;gwynedd
LL;LL60;gaerwen;gwynedd
LL;LL61;llanfairpwllgwyngyll;gwynedd
LL;LL62;bodorgan;gwynedd
LL;LL63;ty croes;gwynedd
LL;LL64,LL77;rhosneigr;gwynedd
LL;LL65;holyhead;gwynedd
LL;LL66;rhosgoch;gwynedd
LL;LL67;cemaes bay;gwynedd
LL;LL68;amlwch;gwynedd
LL;LL69;penysarn;gwynedd
LL;LL70;dulas;gwynedd
LL;LL71;llanerchymedd;gwynedd
LL;LL72;moelfre;gwynedd
LL;LL73;marianglas;gwynedd
LL;LL74;tyn-y-gongl;gwynedd
LL;LL75;pentraeth;gwynedd
LL;LL76;llanbedrgoch;gwynedd
LL;LL77;llangefni;gwynedd
LL;LL78;brynteg;gwynedd
LN;LN1,LN2,LN3,LN4,LN5,LN6;lincoln;lincolnshire
LN;LN7,LN8;market rasen;lincolnshire
LN;LN9;horncastle;lincolnshire
LN;LN10;woodhall spa;lincolnshire
LN;LN11;louth;lincolnshire
LN;LN12;mablethorpe;lincolnshire
LN;LN13;alford;lincolnshire
LS;LS1,LS2,LS3,LS4,LS5,LS6,LS7,LS8,LS9,LS10,LS11,LS12,LS13,LS14,LS15,LS16,LS17,LS18,LS19,LS20,LS25,LS26,LS27,LS88,LS98,LS99;leeds;west yorkshire
LS;LS21;otley;west yorkshire
LS;LS22,LS23;wetherby;west yorkshire
LS;LS24;tadcaster;north yorkshire
LS;LS28;pudsey;west yorkshire
LS;LS29;ilkley;west yorkshire
LU;LU1,LU2,LU3,LU4;luton;bedfordshire
LU;LU5,LU6;dunstable;bedfordshire
LU;LU7;leighton buzzard;bedfordshire
M;M1,M2,M3,M4,M8,M9,M11,M12,M13,M14,M15,M16,M17,M18,M19,M20,M21,M22,M23,M24,M25,M26,M27,M28,M29,M30,M31,M32,M34,M35,M38,M40,M41,M43,M44,M45,M46,M60, M61,M90,M99;manchester;lancashire
M;M3,M5,M6,M7,M50,M60 ;salford;lancashire
M;M33;sale;cheshire
ME;ME1,ME2,ME3;rochester;kent
ME;ME4,ME5;chatham;kent
ME;ME6,ME20;aylesford;kent
ME;ME6;snodland;kent
ME;ME6,ME19;west malling;kent
ME;ME7,ME8;gillingham;kent
ME;ME9,ME10;sittingbourne;kent
ME;ME11;queenborough;kent
ME;ME12;sheerness;kent
ME;ME13;faversham;kent
ME;ME14,ME15,ME16,ME17,ME18,ME99;maidstone;kent
MK;MK1,MK2,MK3,MK4,MK5,MK6,MK7,MK8,MK9,MK10,MK11,MK12,MK13,MK14,MK15,MK17,MK19,MK77;milton keynes;buckinghamshire
MK;MK16;newport pagnell;buckinghamshire
MK;MK18;buckingham;buckinghamshire
MK;MK40,MK41,MK42,MK43,MK44,MK45;bedford;bedfordshire
MK;MK46;olney;buckinghamshire
ML;ML1;motherwell;lanarkshire
ML;ML2;wishaw;lanarkshire
ML;ML3;hamilton;lanarkshire
ML;ML4;bellshill;lanarkshire
ML;ML5;coatbridge;lanarkshire
ML;ML6;airdrie;lanarkshire
ML;ML7;shotts;lanarkshire
ML;ML8;carluke;lanarkshire
ML;ML9;larkhall;lanarkshire
ML;ML10;strathaven;lanarkshire
ML;ML11;lanark;lanarkshire
ML;ML12;biggar;lanarkshire
N;N1,N1C,N1P,N2,N3,N4,N5,N6,N7,N8,N9,N10,N11,N12,N13,N14,N15,N16,N17,N18,N19,N20,N21,N22,N81;london;london
NE;NE1,NE2,NE3,NE4,NE5,NE6,NE7,NE12,NE13,NE15,NE16,NE17,NE18,NE19,NE20,NE27,NE82,NE83,NE85,NE88,NE98,NE99;newcastle upon tyne;tyne and wear
NE;NE8,NE9,NE10,NE11,NE92;gateshead;tyne and wear
NE;NE21;blaydon-on-tyne;tyne and wear
NE;NE22;bedlington;northumberland
NE;NE23;cramlington;northumberland
NE;NE24;blyth;northumberland
NE;NE25,NE26;whitley bay;tyne and wear
NE;NE28;wallsend;tyne and wear
NE;NE29,NE30;north shields;tyne and wear
NE;NE31;hebburn;tyne and wear
NE;NE32;jarrow;tyne and wear
NE;NE33,NE34;south shields;tyne and wear
NE;NE35;boldon colliery;tyne and wear
NE;NE36;east boldon;tyne and wear
NE;NE37,NE38;washington;tyne and wear
NE;NE39;rowlands gill;tyne and wear
NE;NE40;ryton;tyne and wear
NE;NE41;wylam;northumberland
NE;NE42;prudhoe;northumberland
NE;NE43;stocksfield;northumberland
NE;NE44;riding mill;northumberland
NE;NE45;corbridge;northumberland
NE;NE46,NE47,NE48;hexham;northumberland
NE;NE49;haltwhistle;northumberland
NE;NE61,NE65;morpeth;northumberland
NE;NE62;choppington;northumberland
NE;NE63;ashington;northumberland
NE;NE64;newbiggin-by-the-sea;northumberland
NE;NE66;alnwick;northumberland
NE;NE66,NE69;bamburgh;northumberland
NE;NE67;chathill;northumberland
NE;NE68;seahouses;northumberland
NE;NE70;belford;northumberland
NE;NE71;wooler;northumberland
NG;NG1,NG2,NG3,NG4,NG5,NG6,NG7,NG8,NG9,NG10,NG11,NG12,NG13,NG14,NG15,NG16,NG17,NG80,NG90;nottingham;nottinghamshire
NG;NG17;sutton-in-ashfield;nottinghamshire
NG;NG18,NG19,NG20,NG21,NG70;mansfield;nottinghamshire
NG;NG22,NG23,NG24;newark;nottinghamshire
NG;NG25;southwell;nottinghamshire
NG;NG31,NG32,NG33;grantham;lincolnshire
NG;NG34;sleaford;lincolnshire
NN;NN1,NN2,NN3,NN4,NN5,NN6,NN7;northampton;northamptonshire
NN;NN8,NN9,NN29;wellingborough;northamptonshire
NN;NN10;rushden;northamptonshire
NN;NN11;daventry;northamptonshire
NN;NN12;towcester;northamptonshire
NN;NN13;brackley;northamptonshire
NN;NN14,NN15,NN16;kettering;northamptonshire
NN;NN17,NN18;corby;northamptonshire
NP;NP4;pontypool;gwent
NP;NP7;abergavenny;gwent
NP;NP7, NP8;crickhowell;powys
NP;NP10,NP11,NP18,NP19,NP20;newport;gwent
NP;NP12;blackwood;gwent
NP;NP13;abertillery;gwent
NP;NP15;usk;gwent
NP;NP16;chepstow;gwent
NP;NP22;tredegar;gwent
NP;NP23;ebbw vale;gwent
NP;NP24;new tredegar;gwent
NP;NP25;monmouth;gwent
NP;NP26;caldicot;gwent
NP;NP44;cwmbran;gwent
NR;NR1,NR2,NR3,NR4,NR5,NR6,NR7,NR8,NR9,NR10,NR11,NR12,NR13,NR14,NR15,NR16,NR18,NR19,NR26,NR28,NR99;norwich;norfolk
NR;NR17;attleborough;norfolk
NR;NR18;wymondham;norfolk
NR;NR19,NR20;dereham;norfolk
NR;NR21;fakenham;norfolk
NR;NR22;walsingham;norfolk
NR;NR23;wells-next-the-sea;norfolk
NR;NR24;melton constable;norfolk
NR;NR25;holt;norfolk
NR;NR26;sheringham;norfolk
NR;NR27;cromer;norfolk
NR;NR28;north walsham;norfolk
NR;NR29,NR30,NR31;great yarmouth;norfolk
NR;NR32,NR33;lowestoft;suffolk
NR;NR34;beccles;suffolk
NR;NR35;bungay;suffolk
NW;NW1,NW1W,NW2,NW3,NW4,NW5,NW6,NW7,NW8,NW9,NW10,NW11,NW26;london;london
OL;OL1,OL2,OL3,OL4,OL8,OL9,OL95;oldham;lancashire
OL;OL5,OL6,OL7;ashton-under-lyne;lancashire
OL;OL10;heywood;lancashire
OL;OL11,OL12,OL16;rochdale;lancashire
OL;OL13;bacup;lancashire
OL;OL14;todmorden;lancashire
OL;OL15,OL16;littleborough;lancashire
OX;OX1,OX2,OX3,OX4,OX33,OX44;oxford;oxfordshire
OX;OX5;kidlington;oxfordshire
OX;OX7;chipping norton;oxfordshire
OX;OX9;thame;oxfordshire
OX;OX10;wallingford;oxfordshire
OX;OX11;didcot;oxfordshire
OX;OX12;wantage;oxfordshire
OX;OX13,OX14;abingdon;oxfordshire
OX;OX15,OX16,OX17;banbury;oxfordshire
OX;OX18;bampton;oxfordshire
OX;OX18;burford;oxfordshire
OX;OX18;carterton;oxfordshire
OX;OX20;woodstock;oxfordshire
OX;OX25,OX26,OX27;bicester;oxfordshire
OX;OX28,OX29;witney;oxfordshire
OX;OX39;chinnor;oxfordshire
OX;OX49;watlington;oxfordshire
PA;PA1,PA2,PA3;paisley;renfrewshire
PA;PA4;renfrew;renfrewshire
PA;PA5,PA6,PA9,PA10;johnstone;renfrewshire
PA;PA7;bishopton;renfrewshire
PA;PA8;erskine;renfrewshire
PA;PA11;bridge of weir;renfrewshire
PA;PA12;lochwinnoch;renfrewshire
PA;PA13;kilmacolm;renfrewshire
PA;PA14;port glasgow;renfrewshire
PA;PA15,PA16;greenock;renfrewshire
PA;PA17;skelmorlie;ayrshire
PA;PA18;wemyss bay;renfrewshire
PA;PA19;gourock;renfrewshire
PA;PA20;isle of bute;isle of bute
PA;PA21;tighnabruaich;argyll
PA;PA22;colintraive;argyll
PA;PA23;dunoon;argyll
PA;PA24,PA25,PA26,PA27;cairndow;argyll
PA;PA28;campbeltown;argyll
PA;PA29;tarbert;argyll
PA;PA30,PA31;lochgilphead;argyll
PA;PA32;inveraray;argyll
PA;PA33;dalmally;argyll
PA;PA34,PA37,PA80;oban;argyll
PA;PA35;taynuilt;argyll
PA;PA36;bridge of orchy;argyll
PA;PA38;appin;argyll
PA;PA41;isle of gigha;isle of gigha
PA;PA42,PA43,PA44,PA45,PA46,PA47,PA48,PA49;isle of islay;isle of islay
PA;PA60;isle of jura;isle of jura
PA;PA61;isle of colonsay;isle of colonsay
PA;PA62,PA63,PA64,PA65,PA66,PA67,PA68,PA69,PA70,PA71,PA72,PA73,PA74,PA75;isle of mull;isle of mull
PA;PA76;isle of iona;isle of iona
PA;PA77;isle of tiree;isle of tiree
PA;PA78;isle of coll;isle of coll
PE;PE1,PE2,PE3,PE4,PE5,PE6,PE7,PE8,PE99;peterborough;cambridgeshire
PE;PE9;stamford;lincolnshire
PE;PE10;bourne;lincolnshire
PE;PE11,PE12;spalding;lincolnshire
PE;PE13,PE14;wisbech;cambridgeshire
PE;PE15;march;cambridgeshire
PE;PE16;chatteris;cambridgeshire
PE;PE19;st. neots;cambridgeshire
PE;PE20,PE21,PE22;boston;lincolnshire
PE;PE23;spilsby;lincolnshire
PE;PE24,PE25;skegness;lincolnshire
PE;PE26,PE28,PE29;huntingdon;cambridgeshire
PE;PE27;st. ives;cambridgeshire
PE;PE30,PE31,PE32,PE33,PE34;king's lynn;norfolk
PE;PE35;sandringham;norfolk
PE;PE36;hunstanton;norfolk
PE;PE37;swaffham;norfolk
PE;PE38;downham market;norfolk
PH;PH1,PH2,PH14;perth;perthshire
PH;PH3,PH4;auchterarder;perthshire
PH;PH5,PH6,PH7;crieff;perthshire
PH;PH8;dunkeld;perthshire
PH;PH9,PH16,PH17,PH18;pitlochry;perthshire
PH;PH10,PH11,PH12,PH13;blairgowrie;perthshire
PH;PH15;aberfeldy;perthshire
PH;PH19;dalwhinnie;inverness-shire
PH;PH20;newtonmore;inverness-shire
PH;PH21;kingussie;inverness-shire
PH;PH22;aviemore;inverness-shire
PH;PH23;carrbridge;inverness-shire
PH;PH24;boat of garten;inverness-shire
PH;PH25;nethy bridge;inverness-shire
PH;PH26;grantown-on-spey;morayshire
PH;PH30;corrour;inverness-shire
PH;PH31;roy bridge;inverness-shire
PH;PH32;fort augustus;inverness-shire
PH;PH33;fort william;inverness-shire
PH;PH34;spean bridge;inverness-shire
PH;PH35;invergarry;inverness-shire
PH;PH36;acharacle;argyll
PH;PH37;glenfinnan;inverness-shire
PH;PH38;lochailort;inverness-shire
PH;PH39;arisaig;inverness-shire
PH;PH40,PH41;mallaig;inverness-shire
PH;PH42;isle of eigg;isle of eigg
PH;PH43;isle of rum;isle of rum
PH;PH44;isle of canna;isle of canna
PH;PH49;ballachulish;argyll
PH;PH50;kinlochleven;argyll
PL;PL1,PL2,PL3,PL4,PL5,PL6,PL7,PL8,PL9,PL95;plymouth;devon
PL;PL10,PL11;torpoint;cornwall
PL;PL12;saltash;cornwall
PL;PL13;looe;cornwall
PL;PL14;liskeard;cornwall
PL;PL15;launceston;cornwall
PL;PL16;lifton;devon
PL;PL17;callington;cornwall
PL;PL18;calstock;cornwall
PL;PL18;gunnislake;cornwall
PL;PL19;tavistock;devon
PL;PL20;yelverton;devon
PL;PL21;ivybridge;devon
PL;PL22;lostwithiel;cornwall
PL;PL23;fowey;cornwall
PL;PL24;par;cornwall
PL;PL25,PL26;st. austell;cornwall
PL;PL27;wadebridge;cornwall
PL;PL28;padstow;cornwall
PL;PL29;port isaac;cornwall
PL;PL30,PL31;bodmin;cornwall
PL;PL32;camelford;cornwall
PL;PL33;delabole;cornwall
PL;PL34;tintagel;cornwall
PL;PL35;boscastle;cornwall
PO;PO1,PO2,PO3,PO6;portsmouth;hampshire
PO;PO4,PO5;southsea;hampshire
PO;PO7,PO8;waterlooville;hampshire
PO;PO9;havant;hampshire
PO;PO9;rowland's castle;hampshire
PO;PO10;emsworth;hampshire
PO;PO11;hayling island;hampshire
PO;PO12,PO13;gosport;hampshire
PO;PO12,PO13;lee-on-the-solent;hampshire
PO;PO14,PO15,PO16,PO17;fareham;hampshire
PO;PO18,PO19,PO20;chichester;west sussex
PO;PO21,PO22;bognor regis;west sussex
PO;PO30;newport;isle of wight
PO;PO30,PO41;yarmouth;isle of wight
PO;PO31;cowes;isle of wight
PO;PO32;east cowes;isle of wight
PO;PO33;ryde;isle of wight
PO;PO34;seaview;isle of wight
PO;PO35;bembridge;isle of wight
PO;PO36;sandown;isle of wight
PO;PO36,PO37;shanklin;isle of wight
PO;PO38;ventnor;isle of wight
PO;PO39;totland bay;isle of wight
PO;PO40;freshwater;isle of wight
PR;PR0,PR1,PR2,PR3,PR4,PR5,PR11;preston;lancashire
PR;PR6,PR7;chorley;lancashire
PR;PR8,PR9;southport;merseyside
PR;PR25,PR26;leyland;lancashire
RG;RG1,RG2,RG4,RG5,RG6,RG7,RG8,RG10,RG19,RG30,RG31;reading;berkshire
RG;RG9;henley-on-thames;oxfordshire
RG;RG12,RG42;bracknell;berkshire
RG;RG14,RG20;newbury;berkshire
RG;RG17;hungerford;berkshire
RG;RG18,RG19;thatcham;berkshire
RG;RG21,RG22,RG23,RG24,RG25,RG28;basingstoke;hampshire
RG;RG26;tadley;hampshire
RG;RG27,RG29;hook;hampshire
RG;RG28;whitchurch;hampshire
RG;RG40,RG41;wokingham;berkshire
RG;RG45;crowthorne;berkshire
RH;RH1;redhill;surrey
RH;RH2;reigate;surrey
RH;RH3,RH4;betchworth;surrey
RH;RH4,RH5;dorking;surrey
RH;RH6;gatwick;west sussex
RH;RH6;horley;surrey
RH;RH7;lingfield;surrey
RH;RH8;oxted;surrey
RH;RH9;godstone;surrey
RH;RH10,RH11,RH77;crawley;west sussex
RH;RH12,RH13;horsham;west sussex
RH;RH14;billingshurst;west sussex
RH;RH15;burgess hill;west sussex
RH;RH16,RH17;haywards heath;west sussex
RH;RH18;forest row;east sussex
RH;RH19;east grinstead;west sussex
RH;RH20;pulborough;west sussex
RM;RM1,RM2,RM3,RM4,RM5,RM6,RM7;romford;essex
RM;RM8,RM9,RM10;dagenham;essex
RM;RM11,RM12;hornchurch;essex
RM;RM13;rainham;essex
RM;RM14;upminster;essex
RM;RM15;south ockendon;essex
RM;RM16,RM17,RM20;grays;essex
RM;RM18;tilbury;essex
RM;RM19;purfleet;essex
S;S1,S2,S3,S4,S5,S6,S7,S8,S9,S10,S11,S12,S13,S14,S17,S20,S21,S25,S26,S35,S36,S95,S96,S97, S98,S99;sheffield;south yorkshire
S;S18;dronfield;derbyshire
S;S32,S33;hope valley;derbyshire
S;S40,S41,S42,S43,S44,S45,S49;chesterfield;derbyshire
S;S60,S61,S62,S63,S65,S66,S97 ;rotherham;south yorkshire
S;S64;mexborough;south yorkshire
S;S70,S71,S72,S73,S74,S75;barnsley;south yorkshire
S;S80,S81;worksop;nottinghamshire
SA;SA1,SA2,SA3,SA4,SA5,SA6,SA7,SA8,SA9,SA80,SA99;swansea;west glamorgan
SA;SA10,SA11;neath;west glamorgan
SA;SA12,SA13;port talbot;west glamorgan
SA;SA14,SA15;llanelli;dyfed
SA;SA16;burry port;dyfed
SA;SA17;ferryside;dyfed
SA;SA17;kidwelly;dyfed
SA;SA18;ammanford;dyfed
SA;SA19;llandeilo;dyfed
SA;SA19;llangadog;dyfed
SA;SA19;llanwrda;dyfed
SA;SA20;llandovery;dyfed
SA;SA31,SA32,SA33;carmarthen;dyfed
SA;SA34;whitland;dyfed
SA;SA35;llanfyrnach;dyfed
SA;SA36;glogue;dyfed
SA;SA37;boncath;dyfed
SA;SA38;newcastle emlyn;dyfed
SA;SA39;pencader;dyfed
SA;SA40;llanybydder;dyfed
SA;SA41;crymych;dyfed
SA;SA42;newport;dyfed
SA;SA43;cardigan;dyfed
SA;SA44;llandysul;dyfed
SA;SA45;new quay;dyfed
SA;SA46,SA48 ;aberaeron;dyfed
SA;SA47;llanarth;dyfed
SA;SA48;lampeter;dyfed
SA;SA61,SA62;haverfordwest;dyfed
SA;SA63;clarbeston road;dyfed
SA;SA64;goodwick;dyfed
SA;SA65;fishguard;dyfed
SA;SA66;clynderwen;dyfed
SA;SA67;narberth;dyfed
SA;SA68;kilgetty;dyfed
SA;SA69;saundersfoot;dyfed
SA;SA70;tenby;dyfed
SA;SA71,SA72;pembroke;dyfed
SA;SA72;pembroke dock;dyfed
SA;SA73;milford haven;dyfed
SE;SE1,SE1P,SE2,SE3,SE4,SE5,SE6,SE7,SE8,SE9,SE10,SE11,SE12,SE13,SE14,SE15,SE16,SE17,SE18,SE19,SE20,SE21,SE22,SE23,SE24,SE25,SE26,SE27,SE28;london;london
SG;SG1,SG2;stevenage;hertfordshire
SG;SG3;knebworth;hertfordshire
SG;SG4,SG5,SG6;hitchin;hertfordshire
SG;SG6;letchworth garden city;hertfordshire
SG;SG7;baldock;hertfordshire
SG;SG8;royston;hertfordshire
SG;SG9;buntingford;hertfordshire
SG;SG10;much hadham;hertfordshire
SG;SG11,SG12;ware;hertfordshire
SG;SG13,SG14;hertford;hertfordshire
SG;SG15;arlesey;bedfordshire
SG;SG16;henlow;bedfordshire
SG;SG17;shefford;bedfordshire
SG;SG18;biggleswade;bedfordshire
SG;SG19;sandy;bedfordshire
SK;SK1,SK2,SK3,SK4,SK5,SK6,SK7,SK12;stockport;cheshire
SK;SK8;cheadle;cheshire
SK;SK9;alderley edge;cheshire
SK;SK9;wilmslow;cheshire
SK;SK10,SK11;macclesfield;cheshire
SK;SK13;glossop;derbyshire
SK;SK14;hyde;cheshire
SK;SK15;stalybridge;cheshire
SK;SK16;dukinfield;cheshire
SK;SK17;buxton;derbyshire
SK;SK22,SK23;high peak;derbyshire
SL;SL0;iver;buckinghamshire
SL;SL1,SL2,SL3,SL95;slough;berkshire
SL;SL4;windsor;berkshire
SL;SL5;ascot;berkshire
SL;SL6,SL60;maidenhead;berkshire
SL;SL7;marlow;buckinghamshire
SL;SL8;bourne end;buckinghamshire
SL;SL9;gerrards cross;buckinghamshire
SM;SM1,SM2,SM3;sutton;surrey
SM;SM4;morden;surrey
SM;SM5;carshalton;surrey
SM;SM6;wallington;surrey
SM;SM7;banstead;surrey
SN;SN1,SN2,SN3,SN4,SN5,SN6,SN25,SN26,SN38,SN99;swindon;wiltshire
SN;SN7;faringdon;oxfordshire
SN;SN8;marlborough;wiltshire
SN;SN9;pewsey;wiltshire
SN;SN10;devizes;wiltshire
SN;SN11;calne;wiltshire
SN;SN12;melksham;wiltshire
SN;SN13,SN15;corsham;wiltshire
SN;SN14,SN15;chippenham;wiltshire
SN;SN16;malmesbury;wiltshire
SO;SO14,SO15,SO16,SO17,SO18,SO19,SO30,SO31,SO32,SO40,SO45,SO52,SO97;southampton;hampshire
SO;SO20;stockbridge;hampshire
SO;SO21,SO22,SO23,SO25;winchester;hampshire
SO;SO24;alresford;hampshire
SO;SO40,SO43;lyndhurst;hampshire
SO;SO41;lymington;hampshire
SO;SO42;brockenhurst;hampshire
SO;SO50,SO53;eastleigh;hampshire
SO;SO51;romsey;hampshire
SP;SP1,SP2,SP3,SP4,SP5;salisbury;wiltshire
SP;SP6;fordingbridge;hampshire
SP;SP7;shaftesbury;dorset
SP;SP8;gillingham;dorset
SP;SP9;tidworth;wiltshire
SP;SP10,SP11;andover;hampshire
SR;SR1,SR2,SR3,SR4,SR5,SR6,SR9;sunderland;tyne and wear
SR;SR7;seaham;county durham
SR;SR8;peterlee;county durham
SS;SS0,SS1;westcliff-on-sea;essex
SS;SS1,SS2,SS3,SS22,SS99;southend-on-sea;essex
SS;SS4;rochford;essex
SS;SS5;hockley;essex
SS;SS6;rayleigh;essex
SS;SS7;benfleet;essex
SS;SS8;canvey island;essex
SS;SS9;leigh-on-sea;essex
SS;SS11,SS12;wickford;essex
SS;SS13,SS14,SS15,SS16;basildon;essex
SS;SS17;stanford-le-hope;essex
ST;ST1,ST2,ST3,ST4,ST6,ST7,ST8,ST9,ST10,ST11,ST12;stoke-on-trent;staffordshire
ST;ST5,ST55;newcastle;staffordshire
ST;ST13;leek;staffordshire
ST;ST14;uttoxeter;staffordshire
ST;ST15;stone;staffordshire
ST;ST16,ST17,ST18,ST19,ST20,ST21;stafford;staffordshire
SW;SW1A,SW1E,SW1H,SW1P,SW1V,SW1W,SW1X,SW1Y,SW2,SW3,SW4,SW5,SW6,SW7,SW8,SW9,SW10,SW11,SW12,SW13,SW14,SW15,SW16,SW17,SW18,SW19,SW20,SW95;london;london
SY;SY1,SY2,SY3,SY4,SY5,SY99;shrewsbury;shropshire
SY;SY6;church stretton;shropshire
SY;SY7;bucknell;shropshire
SY;SY7;craven arms;shropshire
SY;SY7;lydbury north;shropshire
SY;SY8;ludlow;shropshire
SY;SY9;bishops castle;shropshire
SY;SY10,SY11;oswestry;shropshire
SY;SY12;ellesmere;shropshire
SY;SY13;whitchurch;shropshire
SY;SY14;malpas;cheshire
SY;SY15;montgomery;powys
SY;SY16;newtown;powys
SY;SY17;caersws;powys
SY;SY17;llandinam;powys
SY;SY18;llanidloes;powys
SY;SY19;llanbrynmair;powys
SY;SY20;machynlleth;powys
SY;SY21;welshpool;powys
SY;SY22;llanfechain;powys
SY;SY22;llanfyllin;powys
SY;SY22;llansantffraid;powys
SY;SY22;llanymynech;powys
SY;SY22;meifod;powys
SY;SY23;aberystwyth;dyfed
SY;SY23;llanon;dyfed
SY;SY23;llanrhystud;dyfed
SY;SY24;borth;dyfed
SY;SY24;bow street;dyfed
SY;SY24;talybont;dyfed
SY;SY25;tregaron;dyfed
SY;SY25;ystrad meurig;dyfed
TA;TA1,TA2,TA3,TA4;taunton;somerset
TA;TA5,TA6,TA7;bridgwater;somerset
TA;TA8;burnham-on-sea;somerset
TA;TA9;highbridge;somerset
TA;TA10;langport;somerset
TA;TA11;somerton;somerset
TA;TA12;martock;somerset
TA;TA13;south petherton;somerset
TA;TA14;stoke-sub-hamdon;somerset
TA;TA15;montacute;somerset
TA;TA16;merriott;somerset
TA;TA17;hinton st. george;somerset
TA;TA18;crewkerne;somerset
TA;TA19;ilminster;somerset
TA;TA20;chard;somerset
TA;TA21;wellington;somerset
TA;TA22;dulverton;somerset
TA;TA23;watchet;somerset
TA;TA24;minehead;somerset
TD;TD1;galashiels;selkirkshire
TD;TD2;lauder;berwickshire
TD;TD3;gordon;berwickshire
TD;TD4;earlston;berwickshire
TD;TD5;kelso;roxburghshire
TD;TD6;melrose;roxburghshire
TD;TD7;selkirk;selkirkshire
TD;TD8;jedburgh;roxburghshire
TD;TD9;hawick;roxburghshire
TD;TD9;newcastleton;roxburghshire
TD;TD10,TD11;duns;berwickshire
TD;TD12;coldstream;berwickshire
TD;TD12;cornhill-on-tweed;northumberland
TD;TD12;mindrum;northumberland
TD;TD13;cockburnspath;berwickshire
TD;TD14;eyemouth;berwickshire
TD;TD15;berwick-upon-tweed;northumberland
TF;TF1,TF2,TF3,TF4,TF5,TF6,TF7,TF8;telford;shropshire
TF;TF9;market drayton;shropshire
TF;TF10;newport;shropshire
TF;TF11;shifnal;shropshire
TF;TF12;broseley;shropshire
TF;TF13;much wenlock;shropshire
TN;TN1,TN2,TN3,TN4;tunbridge wells;kent
TN;TN2,TN5;wadhurst;east sussex
TN;TN6;crowborough;east sussex
TN;TN7;hartfield;east sussex
TN;TN8;edenbridge;kent
TN;TN9,TN10,TN11,TN12;tonbridge;kent
TN;TN13,TN14,TN15;sevenoaks;kent
TN;TN16;westerham;kent
TN;TN17,TN18;cranbrook;kent
TN;TN19;etchingham;east sussex
TN;TN20;mayfield;east sussex
TN;TN21;heathfield;east sussex
TN;TN22;uckfield;east sussex
TN;TN23,TN24,TN25,TN26,TN27;ashford;kent
TN;TN28;new romney;kent
TN;TN29;romney marsh;kent
TN;TN30;tenterden;kent
TN;TN31;rye;east sussex
TN;TN32;robertsbridge;east sussex
TN;TN33;battle;east sussex
TN;TN34,TN35;hastings;east sussex
TN;TN36;winchelsea;east sussex
TN;TN37,TN38;st. leonards-on-sea;east sussex
TN;TN39,TN40;bexhill-on-sea;east sussex
TQ;TQ1,TQ2;torquay;devon
TQ;TQ3,TQ4;paignton;devon
TQ;TQ5;brixham;devon
TQ;TQ6;dartmouth;devon
TQ;TQ7;kingsbridge;devon
TQ;TQ8;salcombe;devon
TQ;TQ9;totnes;devon
TQ;TQ9,TQ10;south brent;devon
TQ;TQ11;buckfastleigh;devon
TQ;TQ12,TQ13;newton abbot;devon
TQ;TQ14;teignmouth;devon
TR;TR1,TR2,TR3,TR4;truro;cornwall
TR;TR5;st. agnes;cornwall
TR;TR6;perranporth;cornwall
TR;TR7,TR8;newquay;cornwall
TR;TR9;st. columb;cornwall
TR;TR10;penryn;cornwall
TR;TR11;falmouth;cornwall
TR;TR12,TR13;helston;cornwall
TR;TR14;camborne;cornwall
TR;TR15,TR16;redruth;cornwall
TR;TR17;marazion;cornwall
TR;TR18,TR19,TR20;penzance;cornwall
TR;TR21,TR22,TR23,TR24,TR25;isles of scilly;isles of scilly
TR;TR26;st. ives;cornwall
TR;TR27;hayle;cornwall
TS;TS1,TS2,TS3,TS4,TS5,TS6,TS7,TS8,TS9;middlesbrough;cleveland
TS;TS10,TS11;redcar;cleveland
TS;TS12,TS13;saltburn-by-the-sea;cleveland
TS;TS14;guisborough;cleveland
TS;TS15;yarm;cleveland
TS;TS16,TS17,TS18,TS19,TS20,TS21;stockton-on-tees;cleveland
TS;TS22,TS23;billingham;cleveland
TS;TS24,TS25,TS26,TS27;hartlepool;cleveland
TS;TS28;wingate;county durham
TS;TS29;trimdon station;county durham
TW;TW1,TW2;twickenham;middlesex
TW;TW3,TW4,TW5,TW6;hounslow;middlesex
TW;TW7;isleworth;middlesex
TW;TW8;brentford;middlesex
TW;TW9,TW10;richmond;surrey
TW;TW11;teddington;middlesex
TW;TW12;hampton;middlesex
TW;TW13,TW14;feltham;middlesex
TW;TW15;ashford;middlesex
TW;TW16;sunbury-on-thames;middlesex
TW;TW17;shepperton;middlesex
TW;TW18,TW19;staines-upon-thames;middlesex
TW;TW20;egham;surrey
UB;UB1,UB2,UB3;southall;middlesex
UB;UB3,UB4;hayes;middlesex
UB;UB5;northolt;middlesex
UB;UB5,UB6,UB18;greenford;middlesex
UB;UB7,UB8;west drayton;middlesex
UB;UB8,UB9,UB10,UB11;uxbridge;middlesex
W;W1A,W1B,W1C,W1D,W1F,W1G,W1H,W1J,W1K,W1S,W1T,W1U,W1W,W2,W3,W4,W5,W6,W7,W8,W9,W10,W11,W12,W13,W14;london;london
WA;WA1,WA2,WA3,WA4,WA5,WA55;warrington;cheshire
WA;WA6;frodsham;cheshire
WA;WA7;runcorn;cheshire
WA;WA8,WA88;widnes;cheshire
WA;WA9,WA10,WA11;st. helens;merseyside
WA;WA12;newton-le-willows;merseyside
WA;WA13;lymm;cheshire
WA;WA14,WA15;altrincham;cheshire
WA;WA16;knutsford;cheshire
WC;WC1A,WC1B,WC1E,WC1H,WC1N,WC1R,WC1V,WC1X,WC2A,WC2B,WC2E,WC2H,WC2N,WC2R;london;london
WD;WD3;rickmansworth;hertfordshire
WD;WD4,WD18;kings langley;hertfordshire
WD;WD5;abbots langley;hertfordshire
WD;WD6;borehamwood;hertfordshire
WD;WD7;radlett;hertfordshire
WD;WD17,WD18,WD19,WD24,WD25,WD99;watford;hertfordshire
WD;WD23;bushey;hertfordshire
WF;WF1,WF2,WF3,WF4,WF90;wakefield;west yorkshire
WF;WF5;ossett;west yorkshire
WF;WF6,WF10;normanton;west yorkshire
WF;WF7,WF8,WF9;pontefract;west yorkshire
WF;WF10;castleford;west yorkshire
WF;WF11;knottingley;west yorkshire
WF;WF12,WF13;dewsbury;west yorkshire
WF;WF14;mirfield;west yorkshire
WF;WF15,WF16;liversedge;west yorkshire
WF;WF16;heckmondwike;west yorkshire
WF;WF17;batley;west yorkshire
WN;WN1,WN2,WN3,WN4,WN5,WN6,WN8;wigan;lancashire
WN;WN7;leigh;lancashire
WN;WN8;skelmersdale;lancashire
WR;WR1,WR2,WR3,WR4,WR5,WR6,WR7,WR8,WR78,WR99;worcester;worcestershire
WR;WR9;droitwich;worcestershire
WR;WR10;pershore;worcestershire
WR;WR11;evesham;worcestershire
WR;WR11,WR12;broadway;worcestershire
WR;WR13,WR14;malvern;worcestershire
WR;WR15;tenbury wells;worcestershire
WS;WS1,WS2,WS3,WS4,WS5,WS6,WS8,WS9;walsall;west midlands
WS;WS7;burntwood;staffordshire
WS;WS10;wednesbury;west midlands
WS;WS11,WS12;cannock;staffordshire
WS;WS13,WS14;lichfield;staffordshire
WS;WS15;rugeley;staffordshire
WV;WV1,WV2,WV3,WV4,WV5,WV6,WV7,WV8,WV9,WV10,WV11,WV98;wolverhampton;west midlands
WV;WV1,WV12,WV13;willenhall;west midlands
WV;WV14;bilston;west midlands
WV;WV15,WV16;bridgnorth;shropshire
YO;YO1,YO10,YO19,YO23,YO24,YO26,YO30,YO31,YO32,YO41,YO42,YO43,YO51,YO60,YO61,YO62,YO90,YO91;york;north yorkshire
YO;YO7;thirsk;north yorkshire
YO;YO8;selby;north yorkshire
YO;YO11,YO12,YO13;scarborough;north yorkshire
YO;YO14;filey;north yorkshire
YO;YO15,YO16;bridlington;north humberside
YO;YO17;malton;north yorkshire
YO;YO18;pickering;north yorkshire
YO;YO21,YO22;whitby;north yorkshire
YO;YO25;driffield;north humberside
ZE;ZE1,ZE2,ZE3;shetland;shetland islands
;SE1,SE2,SE3;customlondon;
;SE3,SE9;otherlondon;
;AB10,AB11,AB12,AB15,AB16,AB21,AB22,AB23,AB24,AB25,AB99,AB13,AB14,AB30,AB31,AB32,AB33,AB34,AB35,AB36,AB37,AB38,AB39,AB41,AB42,AB43,AB44,AB45,AB51,AB52,AB53,AB54,AB55,AB56,AL1,AL2,AL3,AL4,AL5,AL6,AL7,AL7,AL8,AL9,AL10,B1,B2,B3,B4,B5,B6,B7,B8,B9,B10,B11,B12,B13,B14,B15,B16,B17,B18,B19,B20,B21,B23,B24,B25,B26,B27,B28,B29,B30,B31,B32,B33,B34,B35,B36,B37,B38,B40,B42,B43,B44,B45,B46,B47,B48,B99,B49,B50,B60,B61,B62,B63,B64,B65,B66,B67,B68,B69,B70,B71,B72,B73,B74,B75,B76,B77,B78,B79,B80,B90,B91,B92,B93,B94,B95,B96,B97,B98,BA1,BA2,BA3,BA4,BA5,BA6,BA7,BA8,BA9,BA9,BA10,BA11,BA12,BA13,BA14,BA15,BA16,BA20,BA21,BA22,BB1,BB2,BB6,BB3,BB4,BB5,BB7,BB8,BB9,BB10,BB11,BB12,BB18,BB94,BD1,BD2,BD3,BD4,BD5,BD6,BD7,BD8,BD9,BD10,BD11,BD12,BD13,BD14,BD15,BD98,BD99,BD16,BD97,BD17,BD18,BD98,BD19,BD20,BD21,BD22,BD23,BD24,BD24,BF1,BH1,BH2,BH3,BH4,BH5,BH6,BH7,BH8,BH9,BH10,BH11,BH12,BH13,BH14,BH15,BH16,BH17,BH18,BH19,BH20,BH21,BH22,BH23,BH24,BH25,BH31,BL0,BL8,BL9,BL1,BL2,BL3,BL4,BL5,BL6,BL7,BL11,BL78,BN1,BN2,BN41,BN42,BN45,BN50,BN51,BN88,BN3,BN52,BN5,BN6,BN7,BN8,BN9,BN10,BN11,BN12,BN13,BN14,BN91,BN99,BN15,BN99,BN16,BN17,BN18,BN20,BN21,BN22,BN23,BN24,BN25,BN26,BN27,BN43,BN44,BR1,BR2,BR2,BR3,BR4,BR5,BR6,BR7,BR8,BS0,BS1,BS2,BS3,BS4,BS5,BS6,BS7,BS8,BS9,BS10,BS11,BS13,BS14,BS15,BS16,BS20,BS30,BS31,BS32,BS34,BS35,BS36,BS37,BS39,BS40,BS41,BS48,BS49,BS80,BS98,BS99,BS21,BS22,BS23,BS24,BS25,BS26,BS27,BS28,BS29,BT1,BT2,BT3,BT4,BT5,BT6,BT7,BT8,BT9,BT10,BT11,BT12,BT13,BT14,BT15,BT16,BT17,BT29,BT18,BT19,BT20,BT21,BT22,BT23,BT24,BT25,BT26,BT27,BT28,BT29,BT30,BT31,BT32,BT33,BT34,BT35,BT36,BT37,BT58,BT38,BT39,BT40,BT41,BT42,BT43,BT44,BT45,BT46,BT47,BT48,BT49,BT51,BT52,BT53,BT54,BT55,BT56,BT57,BT60,BT61,BT62,BT63,BT64,BT65,BT66,BT67,BT68,BT69,BT70,BT71,BT74,BT92,BT93,BT94,BT75,BT76,BT77,BT78,BT79,BT80,BT81,BT82,CA1,CA2,CA3,CA4,CA5,CA6,CA99,CA7,CA8,CA9,CA10,CA11,CA12,CA13,CA14,CA95,CA15,CA16,CA17,CA18,CA19,CA20,CA21,CA22,CA23,CA24,CA25,CA26,CA27,CA28,CB1,CB2,CB3,CB4,CB5,CB21,CB22,CB23,CB24,CB25,CB6,CB7,CB8,CB9,CB10,CB11,CF3,CF5,CF10,CF11,CF14,CF15,CF23,CF24,CF30,CF91,CF95,CF99,CF31,CF32,CF33,CF35,CF34,CF36,CF37,CF38,CF39,CF40,CF41,CF42,CF43,CF44,CF45,CF46,CF47,CF48,CF61,CF71,CF62,CF63,CF64,CF64,CF71,CF72,CF81,CF82,CF83,CH1,CH2,CH3,CH4,CH70,CH88,CH99,CH5,CH6,CH6,CH7,CH7,CH8,CH25,CH41,CH42,CH26,CH43,CH27,CH44,CH45,CH28,CH29,CH30,CH31,CH32,CH46,CH47,CH48,CH49,CH60,CH61,CH62,CH63,CH33,CH64,CH34,CH65,CH66,CM0,CM0,CM1,CM2,CM3,CM92,CM98,CM99,CM4,CM5,CM6,CM7,CM7,CM77,CM8,CM9,CM11,CM12,CM13,CM14,CM15,CM16,CM17,CM18,CM19,CM20,CM21,CM22,CM23,CM24,CO1,CO2,CO3,CO4,CO5,CO6,CO7,CO8,CO9,CO10,CO11,CO12,CO13,CO14,CO15,CO16,CR0,CR9,CR44,CR90,CR2,CR3,CR3,CR4,CR5,CR6,CR7,CR8,CR8,CT1,CT2,CT3,CT4,CT5,CT6,CT7,CT9,CT8,CT9,CT10,CT11,CT12,CT13,CT14,CT15,CT16,CT17,CT18,CT19,CT20,CT50,CT21,CV1,CV2,CV3,CV4,CV5,CV6,CV7,CV8,CV8,CV9,CV10,CV11,CV13,CV12,CV21,CV22,CV23,CV31,CV32,CV33,CV34,CV35,CV36,CV37,CV37,CV47,CW1,CW2,CW3,CW4,CW98,CW5,CW6,CW7,CW8,CW9,CW10,CW11,CW12,DA1,DA2,DA4,DA10,DA3,DA5,DA6,DA7,DA7,DA16,DA8,DA18,DA9,DA10,DA11,DA12,DA13,DA14,DA15,DA17,DD1,DD2,DD3,DD4,DD5,DD6,DD6,DD7,DD8,DD8,DD9,DD10,DD11,DE1,DE3,DE21,DE22,DE23,DE24,DE65,DE72,DE73,DE74,DE99,DE4,DE5,DE6,DE7,DE11,DE12,DE13,DE14,DE15,DE45,DE55,DE56,DE75,DG1,DG2,DG3,DG4,DG5,DG6,DG7,DG8,DG9,DG10,DG11,DG12,DG13,DG14,DG16,DH1,DH6,DH7,DH8,DH97,DH98,DH99,DH2,DH3,DH4,DH5,DH8,DH8,DH9,DL1,DL2,DL3,DL98,DL4,DL5,DL6,DL7,DL8,DL8,DL8,DL9,DL10,DL11,DL12,DL13,DL14,DL15,DL16,DL16,DL17,DN1,DN2,DN3,DN4,DN5,DN6,DN7,DN8,DN9,DN10,DN11,DN12,DN55,DN14,DN15,DN16,DN17,DN18,DN19,DN20,DN21,DN22,DN31,DN32,DN33,DN34,DN36,DN37,DN41,DN35,DN38,DN39,DN40,DT1,DT2,DT3,DT4,DT5,DT6,DT7,DT8,DT9,DT10,DT11,DY1,DY2,DY3,DY4,DY5,DY6,DY7,DY8,DY9,DY10,DY11,DY14,DY12,DY13,E1,E1W,E2,E3,E4,E5,E6,E7,E8,E9,E10,E11,E12,E13,E14,E15,E16,E17,E18,E20,E77,E98,EC1A,EC1M,EC1N,EC1P,EC1R,EC1V,EC1Y,EC2A,EC2M,EC2N,EC2P,EC2R,EC2V,EC2Y,EC3A,EC3M,EC3N,EC3P,EC3R,EC3V,EC4A,EC4M,EC4N,EC4P,EC4R,EC4V,EC4Y,EC50,EH1,EH2,EH3,EH4,EH5,EH6,EH7,EH8,EH9,EH10,EH11,EH12,EH13,EH14,EH15,EH16,EH17,EH91,EH95,EH99,EH14,EH14,EH14,EH18,EH19,EH20,EH21,EH22,EH23,EH24,EH25,EH26,EH27,EH28,EH29,EH30,EH31,EH32,EH32,EH33,EH34,EH35,EH36,EH37,EH38,EH39,EH40,EH41,EH42,EH43,EH44,EH45,EH46,EH47,EH48,EH49,EH51,EH52,EH53,EH54,EH55,EN1,EN2,EN3,EN4,EN5,EN6,EN7,EN8,EN77,EN9,EN10,EN11,EN11,EX1,EX2,EX3,EX4,EX5,EX6,EX7,EX8,EX9,EX10,EX11,EX12,EX13,EX14,EX15,EX16,EX17,EX18,EX19,EX20,EX20,EX21,EX22,EX23,EX24,EX31,EX32,EX33,EX34,EX34,EX35,EX35,EX36,EX37,EX38,EX39,FK1,FK2,FK3,FK4,FK5,FK6,FK7,FK8,FK9,FK10,FK10,FK11,FK12,FK13,FK14,FK15,FK16,FK17,FK18,FK19,FK20,FK21,FY0,FY1,FY2,FY3,FY4,FY5,FY6,FY7,FY8,G1,G2,G3,G4,G5,G9,G11,G12,G13,G14,G15,G20,G21,G22,G23,G31,G32,G33,G34,G40,G41,G42,G43,G44,G45,G46,G51,G52,G53,G58,G60,G61,G62,G63,G64,G65,G66,G67,G68,G69,G70,G71,G72,G73,G74,G75,G76,G77,G78,G79,G90,G81,G82,G83,G83,G84,GL1,GL2,GL3,GL4,GL19,GL5,GL6,GL7,GL7,GL7,GL8,GL9,GL10,GL11,GL11,GL12,GL13,GL14,GL14,GL14,GL15,GL15,GL16,GL17,GL17,GL17,GL17,GL17,GL18,GL18,GL20,GL50,GL51,GL52,GL53,GL54,GL55,GL56,GU1,GU2,GU3,GU4,GU5,GU6,GU7,GU8,GU9,GU10,GU11,GU12,GU14,GU17,GU15,GU16,GU17,GU95,GU18,GU19,GU20,GU21,GU22,GU23,GU24,GU25,GU26,GU27,GU27,GU28,GU29,GU30,GU31,GU32,GU33,GU34,GU35,GU46,GU47,GU51,GU52,GY1,GY2,GY3,GY4,GY5,GY6,GY7,GY8,GY9,GY10,HA0,HA9,HA1,HA2,HA3,HA4,HA5,HA6,HA7,HA8,HD1,HD2,HD3,HD4,HD5,HD7,HD8,HD6,HD9,HG1,HG2,HG3,HG4,HG5,HP1,HP2,HP3,HP4,HP5,HP6,HP7,HP8,HP9,HP10,HP11,HP12,HP13,HP14,HP15,HP16,HP17,HP18,HP19,HP20,HP21,HP22,HP22,HP27,HP23,HR1,HR2,HR3,HR4,HR5,HR6,HR7,HR8,HR9,HS1,HS2,HS3,HS5,HS4,HS6,HS7,HS8,HS9,HU1,HU2,HU3,HU4,HU5,HU6,HU7,HU8,HU9,HU10,HU11,HU12,HU13,HU14,HU15,HU16,HU20,HU17,HU18,HU19,HX1,HX2,HX3,HX4,HX1,HX5,HX6,HX7,IG1,IG2,IG3,IG4,IG5,IG6,IG7,IG8,IG8,IG9,IG10,IG11,IM1,IM2,IM3,IM4,IM5,IM6,IM7,IM8,IM9,IM99,IP1,IP2,IP3,IP4,IP5,IP6,IP7,IP8,IP9,IP10,IP11,IP12,IP13,IP14,IP15,IP16,IP17,IP18,IP19,IP20,IP21,IP22,IP98,IP21,IP23,IP24,IP25,IP26,IP27,IP28,IP29,IP30,IP31,IP32,IP33,IV1,IV2,IV3,IV5,IV13,IV63,IV99,IV4,IV6,IV7,IV15,IV16,IV8,IV9,IV10,IV11,IV12,IV14,IV17,IV18,IV19,IV20,IV21,IV22,IV23,IV24,IV25,IV26,IV27,IV28,IV30,IV31,IV32,IV36,IV40,IV41,IV42,IV43,IV44,IV45,IV46,IV47,IV48,IV49,IV55,IV56,IV51,IV52,IV53,IV54,JE1,JE2,JE3,JE4,JE5,KA1,KA2,KA3,KA4,KA5,KA6,KA7,KA8,KA9,KA10,KA11,KA12,KA13,KA14,KA15,KA16,KA17,KA18,KA19,KA20,KA21,KA22,KA23,KA24,KA25,KA26,KA27,KA28,KA29,KA30,KT1,KT2,KT3,KT4,KT5,KT6,KT7,KT8,KT8,KT9,KT10,KT11,KT12,KT13,KT14,KT15,KT16,KT17,KT18,KT19,KT20,KT21,KT22,KT23,KT24,KW1,KW2,KW3,KW5,KW6,KW7,KW8,KW9,KW10,KW11,KW12,KW13,KW14,KW15,KW16,KW17,KY1,KY2,KY3,KY4,KY4,KY5,KY6,KY7,KY8,KY9,KY10,KY11,KY12,KY99,KY11,KY13,KY14,KY15,KY16,L1,L2,L3,L4,L5,L6,L7,L8,L9,L10,L11,L12,L13,L14,L15,L16,L17,L18,L19,L20,L21,L22,L23,L24,L25,L26,L27,L28,L29,L31,L32,L33,L36,L37,L38,L67,L68,L69,L70,L71,L72,L73,L74,L75,L20,L30,L69,L80,GIR,L34,L35,L39,L40,LA1,LA2,LA3,LA4,LA5,LA6,LA7,LA8,LA9,LA10,LA11,LA12,LA13,LA14,LA14,LA15,LA16,LA17,LA18,LA19,LA20,LA21,LA22,LA23,LD1,LD2,LD3,LD4,LD5,LD6,LD7,LD8,LE1,LE2,LE3,LE4,LE5,LE6,LE7,LE8,LE9,LE19,LE21,LE41,LE55,LE87,LE94,LE95,LE10,LE11,LE12,LE13,LE14,LE15,LE16,LE17,LE18,LE65,LE67,LE67,LE67,LL11,LL12,LL13,LL14,LL15,LL16,LL17,LL18,LL18,LL19,LL20,LL21,LL22,LL23,LL24,LL25,LL26,LL27,LL28,LL29,LL30,LL31,LL32,LL31,LL33,LL34,LL35,LL36,LL37,LL38,LL39,LL40,LL41,LL42,LL43,LL44,LL45,LL46,LL47,LL48,LL49,LL51,LL52,LL53,LL54,LL55,LL56,LL57,LL58,LL59,LL60,LL61,LL62,LL63,LL64,LL77,LL65,LL66,LL67,LL68,LL69,LL70,LL71,LL72,LL73,LL74,LL75,LL76,LL77,LL78,LN1,LN2,LN3,LN4,LN5,LN6,LN7,LN8,LN9,LN10,LN11,LN12,LN13,LS1,LS2,LS3,LS4,LS5,LS6,LS7,LS8,LS9,LS10,LS11,LS12,LS13,LS14,LS15,LS16,LS17,LS18,LS19,LS20,LS25,LS26,LS27,LS88,LS98,LS99,LS21,LS22,LS23,LS24,LS28,LS29,LU1,LU2,LU3,LU4,LU5,LU6,LU7,M1,M2,M3,M4,M8,M9,M11,M12,M13,M14,M15,M16,M17,M18,M19,M20,M21,M22,M23,M24,M25,M26,M27,M28,M29,M30,M31,M32,M34,M35,M38,M40,M41,M43,M44,M45,M46,M60,M61,M90,M99,M3,M5,M6,M7,M50,M60,M33,ME1,ME2,ME3,ME4,ME5,ME6,ME20,ME6,ME6,ME19,ME7,ME8,ME9,ME10,ME11,ME12,ME13,ME14,ME15,ME16,ME17,ME18,ME99,MK1,MK2,MK3,MK4,MK5,MK6,MK7,MK8,MK9,MK10,MK11,MK12,MK13,MK14,MK15,MK17,MK19,MK77,MK16,MK18,MK40,MK41,MK42,MK43,MK44,MK45,MK46,ML1,ML2,ML3,ML4,ML5,ML6,ML7,ML8,ML9,ML10,ML11,ML12,N1,N1C,N1P,N2,N3,N4,N5,N6,N7,N8,N9,N10,N11,N12,N13,N14,N15,N16,N17,N18,N19,N20,N21,N22,N81,NE1,NE2,NE3,NE4,NE5,NE6,NE7,NE12,NE13,NE15,NE16,NE17,NE18,NE19,NE20,NE27,NE82,NE83,NE85,NE88,NE98,NE99,NE8,NE9,NE10,NE11,NE92,NE21,NE22,NE23,NE24,NE25,NE26,NE28,NE29,NE30,NE31,NE32,NE33,NE34,NE35,NE36,NE37,NE38,NE39,NE40,NE41,NE42,NE43,NE44,NE45,NE46,NE47,NE48,NE49,NE61,NE65,NE62,NE63,NE64,NE66,NE66,NE69,NE67,NE68,NE70,NE71,NG1,NG2,NG3,NG4,NG5,NG6,NG7,NG8,NG9,NG10,NG11,NG12,NG13,NG14,NG15,NG16,NG17,NG80,NG90,NG17,NG18,NG19,NG20,NG21,NG70,NG22,NG23,NG24,NG25,NG31,NG32,NG33,NG34,NN1,NN2,NN3,NN4,NN5,NN6,NN7,NN8,NN9,NN29,NN10,NN11,NN12,NN13,NN14,NN15,NN16,NN17,NN18,NP4,NP7,NP7,NP8,NP10,NP11,NP18,NP19,NP20,NP12,NP13,NP15,NP16,NP22,NP23,NP24,NP25,NP26,NP44,NR1,NR2,NR3,NR4,NR5,NR6,NR7,NR8,NR9,NR10,NR11,NR12,NR13,NR14,NR15,NR16,NR18,NR19,NR26,NR28,NR99,NR17,NR18,NR19,NR20,NR21,NR22,NR23,NR24,NR25,NR26,NR27,NR28,NR29,NR30,NR31,NR32,NR33,NR34,NR35,NW1,NW1W,NW2,NW3,NW4,NW5,NW6,NW7,NW8,NW9,NW10,NW11,NW26,OL1,OL2,OL3,OL4,OL8,OL9,OL95,OL5,OL6,OL7,OL10,OL11,OL12,OL16,OL13,OL14,OL15,OL16,OX1,OX2,OX3,OX4,OX33,OX44,OX5,OX7,OX9,OX10,OX11,OX12,OX13,OX14,OX15,OX16,OX17,OX18,OX18,OX18,OX20,OX25,OX26,OX27,OX28,OX29,OX39,OX49,PA1,PA2,PA3,PA4,PA5,PA6,PA9,PA10,PA7,PA8,PA11,PA12,PA13,PA14,PA15,PA16,PA17,PA18,PA19,PA20,PA21,PA22,PA23,PA24,PA25,PA26,PA27,PA28,PA29,PA30,PA31,PA32,PA33,PA34,PA37,PA80,PA35,PA36,PA38,PA41,PA42,PA43,PA44,PA45,PA46,PA47,PA48,PA49,PA60,PA61,PA62,PA63,PA64,PA65,PA66,PA67,PA68,PA69,PA70,PA71,PA72,PA73,PA74,PA75,PA76,PA77,PA78,PE1,PE2,PE3,PE4,PE5,PE6,PE7,PE8,PE99,PE9,PE10,PE11,PE12,PE13,PE14,PE15,PE16,PE19,PE20,PE21,PE22,PE23,PE24,PE25,PE26,PE28,PE29,PE27,PE30,PE31,PE32,PE33,PE34,PE35,PE36,PE37,PE38,PH1,PH2,PH14,PH3,PH4,PH5,PH6,PH7,PH8,PH9,PH16,PH17,PH18,PH10,PH11,PH12,PH13,PH15,PH19,PH20,PH21,PH22,PH23,PH24,PH25,PH26,PH30,PH31,PH32,PH33,PH34,PH35,PH36,PH37,PH38,PH39,PH40,PH41,PH42,PH43,PH44,PH49,PH50,PL1,PL2,PL3,PL4,PL5,PL6,PL7,PL8,PL9,PL95,PL10,PL11,PL12,PL13,PL14,PL15,PL16,PL17,PL18,PL18,PL19,PL20,PL21,PL22,PL23,PL24,PL25,PL26,PL27,PL28,PL29,PL30,PL31,PL32,PL33,PL34,PL35,PO1,PO2,PO3,PO6,PO4,PO5,PO7,PO8,PO9,PO9,PO10,PO11,PO12,PO13,PO12,PO13,PO14,PO15,PO16,PO17,PO18,PO19,PO20,PO21,PO22,PO30,PO30,PO41,PO31,PO32,PO33,PO34,PO35,PO36,PO36,PO37,PO38,PO39,PO40,PR0,PR1,PR2,PR3,PR4,PR5,PR11,PR6,PR7,PR8,PR9,PR25,PR26,RG1,RG2,RG4,RG5,RG6,RG7,RG8,RG10,RG19,RG30,RG31,RG9,RG12,RG42,RG14,RG20,RG17,RG18,RG19,RG21,RG22,RG23,RG24,RG25,RG28,RG26,RG27,RG29,RG28,RG40,RG41,RG45,RH1,RH2,RH3,RH4,RH4,RH5,RH6,RH6,RH7,RH8,RH9,RH10,RH11,RH77,RH12,RH13,RH14,RH15,RH16,RH17,RH18,RH19,RH20,RM1,RM2,RM3,RM4,RM5,RM6,RM7,RM8,RM9,RM10,RM11,RM12,RM13,RM14,RM15,RM16,RM17,RM20,RM18,RM19,S1,S2,S3,S4,S5,S6,S7,S8,S9,S10,S11,S12,S13,S14,S17,S20,S21,S25,S26,S35,S36,S95,S96,S97,S98,S99,S18,S32,S33,S40,S41,S42,S43,S44,S45,S49,S60,S61,S62,S63,S65,S66,S97,S64,S70,S71,S72,S73,S74,S75,S80,S81,SA1,SA2,SA3,SA4,SA5,SA6,SA7,SA8,SA9,SA80,SA99,SA10,SA11,SA12,SA13,SA14,SA15,SA16,SA17,SA17,SA18,SA19,SA19,SA19,SA20,SA31,SA32,SA33,SA34,SA35,SA36,SA37,SA38,SA39,SA40,SA41,SA42,SA43,SA44,SA45,SA46,SA48,SA47,SA48,SA61,SA62,SA63,SA64,SA65,SA66,SA67,SA68,SA69,SA70,SA71,SA72,SA72,SA73,SE1,SE1P,SE2,SE3,SE4,SE5,SE6,SE7,SE8,SE9,SE10,SE11,SE12,SE13,SE14,SE15,SE16,SE17,SE18,SE19,SE20,SE21,SE22,SE23,SE24,SE25,SE26,SE27,SE28,SG1,SG2,SG3,SG4,SG5,SG6,SG6,SG7,SG8,SG9,SG10,SG11,SG12,SG13,SG14,SG15,SG16,SG17,SG18,SG19,SK1,SK2,SK3,SK4,SK5,SK6,SK7,SK12,SK8,SK9,SK9,SK10,SK11,SK13,SK14,SK15,SK16,SK17,SK22,SK23,SL0,SL1,SL2,SL3,SL95,SL4,SL5,SL6,SL60,SL7,SL8,SL9,SM1,SM2,SM3,SM4,SM5,SM6,SM7,SN1,SN2,SN3,SN4,SN5,SN6,SN25,SN26,SN38,SN99,SN7,SN8,SN9,SN10,SN11,SN12,SN13,SN15,SN14,SN15,SN16,SO14,SO15,SO16,SO17,SO18,SO19,SO30,SO31,SO32,SO40,SO45,SO52,SO97,SO20,SO21,SO22,SO23,SO25,SO24,SO40,SO43,SO41,SO42,SO50,SO53,SO51,SP1,SP2,SP3,SP4,SP5,SP6,SP7,SP8,SP9,SP10,SP11,SR1,SR2,SR3,SR4,SR5,SR6,SR9,SR7,SR8,SS0,SS1,SS1,SS2,SS3,SS22,SS99,SS4,SS5,SS6,SS7,SS8,SS9,SS11,SS12,SS13,SS14,SS15,SS16,SS17,ST1,ST2,ST3,ST4,ST6,ST7,ST8,ST9,ST10,ST11,ST12,ST5,ST55,ST13,ST14,ST15,ST16,ST17,ST18,ST19,ST20,ST21,SW1A,SW1E,SW1H,SW1P,SW1V,SW1W,SW1X,SW1Y,SW2,SW3,SW4,SW5,SW6,SW7,SW8,SW9,SW10,SW11,SW12,SW13,SW14,SW15,SW16,SW17,SW18,SW19,SW20,SW95,SY1,SY2,SY3,SY4,SY5,SY99,SY6,SY7,SY7,SY7,SY8,SY9,SY10,SY11,SY12,SY13,SY14,SY15,SY16,SY17,SY17,SY18,SY19,SY20,SY21,SY22,SY22,SY22,SY22,SY22,SY23,SY23,SY23,SY24,SY24,SY24,SY25,SY25,TA1,TA2,TA3,TA4,TA5,TA6,TA7,TA8,TA9,TA10,TA11,TA12,TA13,TA14,TA15,TA16,TA17,TA18,TA19,TA20,TA21,TA22,TA23,TA24,TD1,TD2,TD3,TD4,TD5,TD6,TD7,TD8,TD9,TD9,TD10,TD11,TD12,TD12,TD12,TD13,TD14,TD15,TF1,TF2,TF3,TF4,TF5,TF6,TF7,TF8,TF9,TF10,TF11,TF12,TF13,TN1,TN2,TN3,TN4,TN2,TN5,TN6,TN7,TN8,TN9,TN10,TN11,TN12,TN13,TN14,TN15,TN16,TN17,TN18,TN19,TN20,TN21,TN22,TN23,TN24,TN25,TN26,TN27,TN28,TN29,TN30,TN31,TN32,TN33,TN34,TN35,TN36,TN37,TN38,TN39,TN40,TQ1,TQ2,TQ3,TQ4,TQ5,TQ6,TQ7,TQ8,TQ9,TQ9,TQ10,TQ11,TQ12,TQ13,TQ14,TR1,TR2,TR3,TR4,TR5,TR6,TR7,TR8,TR9,TR10,TR11,TR12,TR13,TR14,TR15,TR16,TR17,TR18,TR19,TR20,TR21,TR22,TR23,TR24,TR25,TR26,TR27,TS1,TS2,TS3,TS4,TS5,TS6,TS7,TS8,TS9,TS10,TS11,TS12,TS13,TS14,TS15,TS16,TS17,TS18,TS19,TS20,TS21,TS22,TS23,TS24,TS25,TS26,TS27,TS28,TS29,TW1,TW2,TW3,TW4,TW5,TW6,TW7,TW8,TW9,TW10,TW11,TW12,TW13,TW14,TW15,TW16,TW17,TW18,TW19,TW20,UB1,UB2,UB3,UB3,UB4,UB5,UB5,UB6,UB18,UB7,UB8,UB8,UB9,UB10,UB11,W1A,W1B,W1C,W1D,W1F,W1G,W1H,W1J,W1K,W1S,W1T,W1U,W1W,W2,W3,W4,W5,W6,W7,W8,W9,W10,W11,W12,W13,W14,WA1,WA2,WA3,WA4,WA5,WA55,WA6,WA7,WA8,WA88,WA9,WA10,WA11,WA12,WA13,WA14,WA15,WA16,WC1A,WC1B,WC1E,WC1H,WC1N,WC1R,WC1V,WC1X,WC2A,WC2B,WC2E,WC2H,WC2N,WC2R,WD3,WD4,WD18,WD5,WD6,WD7,WD17,WD18,WD19,WD24,WD25,WD99,WD23,WF1,WF2,WF3,WF4,WF90,WF5,WF6,WF10,WF7,WF8,WF9,WF10,WF11,WF12,WF13,WF14,WF15,WF16,WF16,WF17,WN1,WN2,WN3,WN4,WN5,WN6,WN8,WN7,WN8,WR1,WR2,WR3,WR4,WR5,WR6,WR7,WR8,WR78,WR99,WR9,WR10,WR11,WR11,WR12,WR13,WR14,WR15,WS1,WS2,WS3,WS4,WS5,WS6,WS8,WS9,WS7,WS10,WS11,WS12,WS13,WS14,WS15,WV1,WV2,WV3,WV4,WV5,WV6,WV7,WV8,WV9,WV10,WV11,WV98,WV1,WV12,WV13,WV14,WV15,WV16,YO1,YO10,YO19,YO23,YO24,YO26,YO30,YO31,YO32,YO41,YO42,YO43,YO51,YO60,YO61,YO62,YO90,YO91,YO7,YO8,YO11,YO12,YO13,YO14,YO15,YO16,YO17,YO18,YO21,YO22,YO25,ZE1,ZE2,ZE3;uk;
